,ADDRESS,POSTCODE,PRAC_CODE,normalized_postcode
0,"Garthdee Medical Group, Health Centre Garthdee Road, Aberdeen, Aberdeenshire",AB10 7QQ,30030,AB107QQ
1,"Holburn Medical Group, 7 Albyn Place, Aberdeen",AB10 1YE,30059,AB101YE
2,"Denburn Medical Practice, Denburn Health Centre, Rosemount Viaduct, Aberdeen",AB25 1QB,30078,AB251QB
3,"Whinhill Medical Practice, 20 Whinhill Road, Aberdeen",AB11 7XH,30082,AB117XH
4,"Elmbank Group Practice, Foresterhill Health Centre, Westburn Road, Aberdeen",AB25 2AY,30203,AB252AY
5,"Hamilton Medical Group, 4 Queens Road, Aberdeen",AB15 4ZT,30218,AB154ZT
6,"Bucksburn Medical Practice, Bucksburn Clinic, Kepplehills Road, Bucksburn",AB21 9DG,30256,AB219DG
7,"Westburn Medical Group, Foresterhill Health Centre, Westburn Road, Aberdeen, Aberdeenshire",AB25 2XE,30261,AB252XE
8,"New Dyce Medical Practice, Dyce Health Centre, 23a Altonrea Gardens, Dyce Aberdeen",AB21 7NQ,30280,AB217NQ
9,"Torry Medical Practice, Torry Neighbourhood Centre, Oscar Road, Aberdeen",AB11 8ER,30294,AB118ER
10,"Great Western Medical Practice, Seafield Road, Aberdeen, Aberdeenshire",AB15 7YT,30307,AB157YT
11,"Kincorth Medical Practice, Kincorth Community Health Centre, Provost Watt Drive, Kincorth",AB12 5NA,30401,AB125NA
12,"Oldmachar Medical Practice, 526 King Street, Aberdeen",AB24 5RS,30504,AB245RS
13,"Marywell Healthcare Centre, 90 College Street, Aberdeen",AB11 6FD,30561,AB116FD
14,"Links Medical Practice, City Hospital, Park Road, Aberdeen",AB24 5AU,30627,AB245AU
15,"Calsayseat Medical Group, 44 Powis Place, Aberdeen",AB25 3TX,30701,AB253TX
16,"Albyn Medical Practice, The Albyn Medical Practice, 30 Albyn Place, Aberdeen",AB10 1NW,30909,AB101NW
17,"Old Aberdeen Medical Practice, 12 Sunnybank Road, Aberdeen",AB24 3NG,30913,AB243NG
18,"Rubislaw Place Medical Group, Rubislaw Medical Group, 7 Rubislaw Place, Aberdeen",AB10 1QB,30951,AB101QB
19,"Carden House, Carden Place, Aberdeen, Aberdeenshire",AB10 1UT,30985,AB101UT
20,"Kingswells Medical Practice, Kingswood Drive, Kingswells",AB15 8TB,31009,AB158TB
21,"Woodside Medical Group, Woodside Fountain Health Centre, Great Northern Road, Aberdeen",AB24 2AS,31141,AB242AS
22,"Scotstown Medical Group, Cairnfold Road, Bridge Of Don, Aberdeen",AB22 8LD,31206,AB228LD
23,"Gilbert Road Medical Group, 39 Gilbert Road, Bucksburn, Aberdeen",AB21 9AN,31211,AB219AN
24,"Cults Medical Group, South Avenue, Cults, Aberdeen",AB15 9LQ,31230,AB159LQ
25,"Peterculter Medical Practice, Peterculter Health Centre, Coronation Road, Peterculter",AB14 0RP,31244,AB140RP
26,"Danestone Medical Practice, Fairview Street, Danestone, Aberdeen",AB22 8ZP,31259,AB228ZP
27,"Camphill Medical Practice, Murtle Estate, Bieldside, Aberdeen",AB15 9EP,31333,AB159EP
28,"Macduff Medical Practice, Macduff Health Clinic, Fife Street, Banff",AB45 1JD,31437,AB451JD
29,"An Caorann Medical Practice, Portsoy Surgery, 16 Seafield Terrace, Portsoy",AB45 2GB,31456,AB452GB
30,"Finlayson Street Practice, Finlayson Street Surgery, 33 Finlayson Street, Fraserburgh",AB43 9JW,31511,AB439JW
31,"Central Buchan Medical Practice, Central Buchan Medical Group, School Street, New Pitsligo",AB43 6NE,31531,AB436NE
32,"Saltoun Surgery, Lochpots Road, Fraserburgh, Aberdeenshire",AB43 9NH,31545,AB439NH
33,"Crimond Medical and Community Hub, Logie avenue West, Crimond, Aberdeenshire",AB43 8QJ,31601,AB438QJ
34,"Cruden Medical Group, Main Street, Hatton, Peterhead",AB42 0QQ,31615,AB420QQ
35,"Mintlaw Group Practice, Newlands Road, Mintlaw, Aberdeenshire",AB42 5GP,31620,AB425GP
36,"Peterhead Health Centre, Links Terrace, Peterhead, Aberdeenshire",AB42 2XA,31634,AB422XA
37,"Fyvie Oldmeldrum Medical Group, Oldmeldrum Health Centre, Academy Way, Oldmeldrum",AB51 0JZ,31719,AB510JZ
38,"Turriff Medical Practice, Turriff Health Centre, Balmellie Road, Turriff",AB53 4DQ,31723,AB534DQ
39,"Alford Medical Practice, Gordon Road, Alford, Aberdeenshire",AB33 8FL,31808,AB338FL
40,"Strathdon Medical Centre, Newe, Strathdon, Aberdeenshire",AB36 8XB,31812,AB368XB
41,"Ellon Group Practice, Ellon Health Centre, Schoolhill, Ellon",AB41 9AH,31901,AB419AH
42,"Haddo Medical Group, Pitmedden Surgery, Tarves Road, Pitmedden, Ellon, Aberdeenshire",AB41 7NX,31916,AB417NX
43,"Insch Medical Practice, Insch Health Centre, Rannes Street, Insch",AB52 6JJ,32001,AB526JJ
44,"Graeme Medical Centre, 1 Western Avenue, Falkirk",FK2 7HR,25309,FK27HR
45,"Inverurie Medical Group, Inverurie Health & Care Hub, Upperboat Road, Inverurie",AB51 3UL,32021,AB513UL
46,"Kemnay Medical Group, Kemnay Medical Centre, Kemnay, Inverurie",AB51 5NB,32035,AB515NB
47,"Bydand Medical Group, Huntly Health Centre, Bleachfield Street, Huntly, Aberdeenshire",AB54 8EX,32092,AB548EX
48,"Skene Medical Group, Skene Healthcare Centre, Discovery Drive, Arnhall Business Park, Westhill, Aberdeen",AB32 6FG,32209,AB326FG
49,"Aboyne Health Centre Incl. Tarland, Bellwood Road, Aboyne, Aberdeenshire",AB34 5HQ,32290,AB345HQ
50,"Ballater Clinic, 13 Provost Craig Road, Ballater, Aberdeenshire",AB35 5NN,32317,AB355NN
51,"Braemar Health Clinic, St Andrews Terrace, Braemar, Aberdeenshire",AB35 5WR,32321,AB355WR
52,"Torphins Medical Practice, St Marnans Road, Torphins",AB31 4JQ,32341,AB314JQ
53,"Banchory Group Practice, Bellfield, Banchory, Aberdeenshire",AB31 5XS,32406,AB315XS
54,"Portlethen Medical Centre, Portlethen, Aberdeen",AB12 4QP,32411,AB124QP
55,"Stonehaven Medical Group, Stonehaven Medical Centre, Robert Street, Stonehaven",AB39 2EL,32425,AB392EL
56,"Auchenblae Medical Centre, Mackenzie Avenue, Auchenblae, Kincardineshire",AB30 1XU,32500,AB301XU
57,"Inverbervie Medical Group, Inverbervie Medical Centre, Church Street, Inverbervie",DD10 0RU,32514,DD100RU
58,"Laurencekirk Medical Group, Laurencekirk Healthcare Centre, Blackiemuir Ave, Laurencekirk",AB30 1GX,32529,AB301GX
59,"Muirhead Medical Centre, Liff Road, Muirhead",DD2 5NH,10002,DD25NH
60,"Arbroath Medical Centre, 7 Hill Place, Arbroath",DD11 1AD,10182,DD111AD
61,"Abbey Health Centre, East Abbey Street, Arbroath",DD11 1EN,10233,DD111EN
62,"East Practice, Springfield Medical Centre, 30 Ponderlaw Street, Arbroath",DD11 1ES,10286,DD111ES
63,"West Practice, Springfield Medical Centre, 30 Ponderlaw Street, Arbroath",DD11 1ES,10322,DD111ES
64,"Brechin Medical Practice, Brechin Health Centre, Infirmary Street, Brechin",DD9 7AN,10498,DD97AN
65,"Carnoustie Medical Group, Parkview Primary Care Centre, Barry Road, Carnoustie",DD7 7RB,10638,DD77RB
66,"Edzell Health Centre, High Street, Edzell",DD9 7TA,13091,DD97TA
67,"Ravenswood Surgery, New Road, Forfar",DD8 2AE,13195,DD82AE
68,"Academy Medical Centre, Academy Street, Forfar",DD8 2HA,13231,DD82HA
69,"Lour Road Group Practice, 3 Lour Road, Forfar",DD8 2AS,13284,DD82AS
70,"Friockheim Health Centre, Westgate, Friockheim",DD11 4TX,13335,DD114TX
71,"Kirriemuir Medical Practice, Tannage Brae, Kirriemuir, Angus",DD8 4ES,13532,DD84ES
72,"Monifieth Health Centre, Victoria Street, Monifieth",DD5 4LX,13571,DD54LX
73,"Townhead Practice, Links Health Centre, Frank Wood Way, Montrose",DD10 8TY,13621,DD108TY
74,"Castlegait Surgery, Links Health Centre, Frank Wood Way, Montrose",DD10 8TY,13660,DD108TY
75,"Annat Bank Practice, Links Health Centre, Frank Wood Way, Montrose",DD10 8TY,13706,DD108TY
76,"Dr Lorna M Macgregor & Partner, Port Appin Surgery, Port Appin, Argyll",PA38 4DE,84006,PA384DE
77,"Campbeltown Medical Practice, The Health Centre, Stewart Road, Campbeltown",PA28 6AT,84030,PA286AT
78,"Dr Malcolm R Elder, The Carradale Surgery, Carradale, Argyll",PA28 6QG,84063,PA286QG
79,"Dr C O'Neill, Coll Medical Practice, Arinagour, Isle of Coll",PA78 6SY,84097,PA786SY
80,"Colonsay Surgery, Scalasaig, Isle of Colonsay, Argyll",PA61 7YW,84129,PA617YW
81,"Taynuilt Medical Practice, The Surgery, Connel, Argyll",PA37 1PH,84191,PA371PH
82,"Drs Hall, Brennan & McLaughlin, 246 Argyll Street, Dunoon, Argyll",PA23 7HW,84237,PA237HW
83,"Church Street Surgery, 30 Church Street, Dunoon, Argyll",PA23 8BG,84241,PA238BG
84,"Cowal Medical Practice, 246 Argyll St, Dunoon, Argyll",PA23 7HW,84256,PA237HW
85,"Easdale Medical Practice, The Surgery, Clachan Seil, Isle of Seil",PA34 4TL,84275,PA344TL
86,"The Furnace/Inveraray Surgery, Furnace, Argyll",PA32 8XN,84307,PA328XN
87,"Bowmore Medical Practice, Islay Hospital, Gortonvogie Road, Bowmore, Isle of Islay",PA43 7JD,84331,PA437JD
88,"Geirhilda, Back Road, Port Ellen, Isle of Islay",PA42 7DR,84345,PA427DR
89,"Port Charlotte, Isle of Islay, Argyll",PA48 7UD,84350,PA487UD
90,"Jura Medical Practice, Glencairn Surgery, Craighouse, Isle of Jura",PA60 7XG,84383,PA607XG
91,"Lochgilphead Medical Centre, Mid Argyll Community Hosp & Integrated Care Centre, Blarbuie Road, Lochgilphead",PA31 8JZ,84415,PA318JZ
92,"Dr P M R Von Kaehne, Lochgoilhead Medical Centre, Donich Park, Lochgoilhead",PA24 8AA,84449,PA248AA
93,"Mull & Iona Medical Group, The Surgery, Rockfield Road, Tobermory",PA75 6PN,84538,PA756PN
94,"Lorn Medical Centre, Soroba Road, Oban, Argyll",PA34 4HE,84581,PA344HE
95,"The Bute Practice, The Health Centre, High Street, Rothesay",PA20 9JL,84646,PA209JL
96,"Dr Robert S B Coull, Strachur Medical Practice, Dalnacraig, Strachur, Cairndow",PA27 8BX,84684,PA278BX
97,"Dr Tittmar and Partner, Riverbank Surgery, Kilmun, Argyll",PA23 8SE,84716,PA238SE
98,"Tarbert Medical Practice, Campbeltown Road, Tarbert, Argyll",PA29 6TY,84740,PA296TY
99,"Dr A MacGregor & Dr N Hallum, Kyles Medical Centre, Tighnabruaich, Argyll",PA21 2BE,84773,PA212BE
100,"Tiree Medical Practice, Baugh Surgery, Isle of Tiree, Argyll",PA77 6UN,84805,PA776UN
101,"Kintyre Medical Group, Muasdale Surgery, Muasdale, Tarbert, Argyll",PA29 6XD,84810,PA296XD
102,"Dr David F Troup & Partner, Arrochar Surgery, Kirkfield Place, Arrochar",G83 7AE,85009,G837AE
103,"Garelochhead Medical Centre, McAulay Place, Feorlin Way, Garelochhead",G84 0SL,85117,G840SL
104,"Millig Practice, The Medical Centre, 12 East King Street, Helensburgh",G84 7QL,85141,G847QL
105,"Dr McLachlan & Partners, The Medical Centre, 12 East King Street, Helensburgh",G84 7QL,85155,G847QL
106,"Kilcreggan Medical Practice, The Health Centre, Kilcreggan, Argyll",G84 0JL,85193,G840JL
107,"Braids Medical Practice, 6 Camus Avenue, Edinburgh",EH10 6QT,70075,EH106QT
108,"The Green Practice, Stockbridge Health Centre, 1 India Place, Edinburgh",EH3 6EH,70094,EH36EH
109,"Leven Medical Practice, Tollcross Health Centre, Ponton Street, Edinburgh",EH3 9QQ,70107,EH39QQ
110,"Southfield Medical Practice, 132 Mountcastle Drive South, Edinburgh",EH15 3LL,70126,EH153LL
111,"Colinton Surgery, 296b Colinton Road, Edinburgh",EH13 0LB,70131,EH130LB
112,"Ferniehill Surgery, 8 Ferniehill Road, Edinburgh",EH17 7AB,70164,EH177AB
113,"Leith Surgery, 2 Duke Street, Edinburgh",EH6 8HQ,70179,EH68HQ
114,"Niddrie Medical Practice, Craigmillar Medical Centre, 106 Niddrie Mains Road, Edinburgh",EH16 4DT,70198,EH164DT
115,"Craigmillar Medical Group, Craigmillar Medical Centre, 106 Niddrie Mains Road, Edinburgh",EH16 4DT,70215,EH164DT
116,"The Long House Surgery, The Long House, 73 East Trinity Road, Edinburgh",EH5 3EL,70234,EH53EL
117,"Whinpark Medical Practice, Whinpark Medical Centre, 6 Saughton Road, Edinburgh",EH11 3RA,70253,EH113RA
118,"Brunton Place Surgery, 9 Brunton Place, Edinburgh",EH7 5EG,70268,EH75EG
119,"Dr Steve Allan & Partners, Bangholm Medical Centre, Bangholm Loan, Edinburgh",EH5 3AH,70272,EH53AH
120,"Inchpark Surgery, 10 Marmion Crescent, Edinburgh",EH16 5QU,70291,EH165QU
121,"West End Medical Practice, 36 Manor Place, Edinburgh",EH3 7EB,70319,EH37EB
122,"Bruntsfield Medical Practice, 11 Forbes Road, Edinburgh",EH10 4EY,70323,EH104EY
123,"Ladywell Medical Centre (East), 26 Featherhall Avenue, Edinburgh",EH12 7UN,70361,EH127UN
124,"Liberton Medical Group, 65 Liberton Gardens, Edinburgh",EH16 6JT,70376,EH166JT
125,"Mackenzie Medical Centre, 20 West Richmond Street, Edinburgh",EH8 9DX,70381,EH89DX
126,"Dr Shaw & Partners, Stockbridge Health Centre, 1 India Place, Edinburgh",EH3 6EH,70408,EH36EH
127,"Grange Medical Group, 1 Beaufort Road, Edinburgh",EH9 1AG,70412,EH91AG
128,"Milton Surgery, 132 Mountcastle Drive South, Edinburgh",EH15 3LL,70427,EH153LL
129,"Meadows Medical Practice, 9 Brougham Place, Edinburgh",EH3 9HW,70451,EH39HW
130,"Dalkeith Road Medical Practice, 145 Dalkeith Road, Edinburgh",EH16 5HQ,70470,EH165HQ
131,"Annandale Medical Practice, Bellevue Medical Centre, 26 Huntingdon Place, Edinburgh",EH7 4AT,70499,EH74AT
132,"Murrayfield Medical Practice, 13b Riversdale Crescent, Edinburgh",EH12 5QX,70501,EH125QX
133,"Gracemount Medical Practice, 24 Gracemount Drive, Edinburgh",EH16 6RN,70516,EH166RN
134,"The Hopetoun Practice, Bellevue Medical Centre, 26 Huntingdon Place, Edinburgh",EH7 4AT,70521,EH74AT
135,"Blackhall Medical Centre, 51 Hillhouse Road, Edinburgh",EH4 3TH,70535,EH43TH
136,"Restalrig Park Medical Centre, 40 Alemoor Crescent, Edinburgh",EH7 6UJ,70569,EH76UJ
137,"Crewe Medical Centre, 135 Boswall Parkway, Edinburgh",EH5 2LY,70573,EH52LY
138,"The Southern Medical Group, 322 Gilmerton Road, Edinburgh",EH17 7PR,70588,EH177PR
139,"University Health Service, 6 Bristo Square, Edinburgh",EH8 9AL,70592,EH89AL
140,"Durham Road Medical Group, 25 Durham Road, Edinburgh",EH15 1NY,70605,EH151NY
141,"Craiglockhart Medical Group, Allermuir Health Centre, 165 Colinton Mains Drive, Edinburgh",EH13 9AF,70610,EH139AF
142,"Dr A Comiskey and Partners, Conan Doyle Medical Centre, 4 Nether Liberton Lane, Edinburgh",EH16 5TY,70639,EH165TY
143,"Baronscourt Surgery, 89 Northfield Broadway, Edinburgh",EH8 7RX,70658,EH87RX
144,"Muirhouse Medical Group, Muirhouse Medical Centre, 1 Muirhouse Avenue, Edinburgh",EH4 4PL,70662,EH44PL
145,"Davidson's Mains Medical Centre, 5 Quality Street, Davidsons Mains, Edinburgh",EH4 5BP,70709,EH45BP
146,"Summerside Medical Practice, Summerside Medical Centre, 29b Summerside Place, Edinburgh",EH6 4NY,70747,EH64NY
147,"Marchmont Medical Practice, 10 Warrender Park Terrace, Edinburgh",EH9 1JA,70766,EH91JA
148,"St Triduana's Medical Practice, 54 Moira Park, Edinburgh",EH7 6RU,70785,EH76RU
149,"Morningside Medical Practice, 2 Morningside Place, Edinburgh",EH10 5ER,70790,EH105ER
150,"St Leonard's Medical Centre, 145 Pleasance, Edinburgh",EH8 9RU,70841,EH89RU
151,"Braefoot Medical Practice, Conan Doyle Medical Centre, 4 Nether Liberton Lane, Edinburgh",EH16 5TY,70893,EH165TY
152,"Drs Sharpe, Putta & Burns Practice, Sighthill Health Centre, Calder Road, Edinburgh",EH11 4AU,70906,EH114AU
153,"Sighthill Green Medical Practice, Sighthill Health Centre, Calder Road, Edinburgh",EH11 4AU,70911,EH114AU
154,"The Pentlands Medical Practice, Pentland Medical Centre, 44 Pentland View, Currie",EH14 5QB,70930,EH145QB
155,"Edinburgh Access Practice, The Spittal Street Centre, 22-24 Spittal Street, Edinburgh",EH3 9DU,70963,EH39DU
156,"Wester Hailes Medical Practice, Wester Hailes Healthy Living Centre, 30 Harvesters Way, Edinburgh",EH14 3JF,70978,EH143JF
157,"The Victoria Practice, Leith Community Treatment Centre, 12 Junction Place, Edinburgh",EH6 5JA,70982,EH65JA
158,"Slateford Medical Practice, 27 Gorgie Park Close, Edinburgh",EH14 1NQ,70997,EH141NQ
159,"Polwarth Medical Practice, Tollcross Health Centre, 10 Ponton Street, Edinburgh",EH3 9QQ,71011,EH39QQ
160,"Murrayfield Medical Centre, 35 Saughton Crescent, Edinburgh",EH12 5SS,71025,EH125SS
161,"Springwell Medical Group, Springwell Medical Centre, 39 Ardmillan Terrace, Edinburgh",EH11 2JL,71082,EH112JL
162,"Firrhill Medical Centre, Allermuir Health Centre, 165 Colinton Mains Drive, Edinburgh",EH13 9AF,71097,EH139AF
163,"Leith Mount Surgery, 2 Lindsay Street, Edinburgh",EH6 4EG,71114,EH64EG
164,"Cramond Medical Practice, 2 Cramond Glebe Road, Edinburgh",EH4 6NS,71129,EH46NS
165,"Challenging Behaviour General Practice, Boroughloch Medical Centre, 1 Meadow Place, Edinburgh",EH9 1JZ,71171,EH91JZ
166,"Gilmore Medical Practice, Tollcross Health Centre, Ponton Street, Edinburgh",EH3 9QQ,71222,EH39QQ
167,"The Group Practice - Eyre, 31 Eyre Crescent, Edinburgh",EH3 5EU,71326,EH35EU
168,"Mill Lane Surgery, 4 Mill Lane, Edinburgh",EH6 6TL,71364,EH66TL
169,"Boroughloch Medical Practice, 1 Meadow Place, Edinburgh",EH9 1JZ,71379,EH91JZ
170,"Links Medical Centre, 4 Hermitage Place, Edinburgh",EH6 8BW,71398,EH68BW
171,"Parkgrove Medical Practice, 22B Parkgrove Terrace, Edinburgh",EH4 7NX,71401,EH47NX
172,"Ratho Medical Practice, 14a Wilkieston Road, Ratho, Newbridge",EH28 8RH,71420,EH288RH
173,"Barclay Medical Practice East Craigs, 10 Bughtlin Market, East Craigs, Edinburgh",EH12 8XP,71434,EH128XP
174,"Hermitage Medical Practice, 5/6 Hermitage Terrace, Edinburgh",EH10 4RP,71449,EH104RP
175,"South Queensferry Medical Practice, 41 The Loan, South Queensferry",EH30 9HA,78171,EH309HA
176,"Almond Group Practice, Kirkliston Health Centre, 50 The Glebe, Kirkliston",EH29 9AS,78359,EH299AS
177,"Health Centre Practice 2, Hallpark Road, Sauchie, Clackmannanshire",FK10 3JQ,25027,FK103JQ
178,"Camelon Medical Practice, 3 Baird Street, Camelon, Falkirk",FK1 4PP,25313,FK14PP
179,"Alva Medical Practice, West Johnstone Street, Alva, Clackmannanshire",FK12 5BD,25046,FK125BD
180,"Clackmannan & Kincardine Medical Practice, Main Street, Clackmannan, Clackmannanshire",FK10 4JA,25135,FK104JA
181,"Dollar Health Centre, Park Place, Dollar",FK14 7AA,25210,FK147AA
182,"Tillicoultry Medical Practice, Park Street, Tillicoultry",FK13 6AG,25544,FK136AG
183,"Forth Medical Group, Hallpark Road, Sauchie, Clackmanannshire",FK10 3JQ,26001,FK103JQ
184,"Lochinch Practice, Waverley Medical Centre, Dalrymple Street, Stranraer",DG9 7DW,18057,DG97DW
185,"Loch Ree Practice, Waverley Medical Centre, Dalrymple Street, Stranraer",DG9 7DW,18095,DG97DW
186,"Mull of Galloway Practice, Drummore, Stranraer",DG9 9QQ,18112,DG99QQ
187,"Cairnsmore Medical Practice, Health Centre, Creebridge, Newton Stewart",DG8 6NR,18151,DG86NR
188,"Castle Douglas Medical Group, Garden Hill Primary Care Centre, 2 Garden Hill Road, Castle Douglas",DG7 3EE,18184,DG73EE
189,"Solway Medical Group, Health Centre, Kirkcudbright",DG6 4BJ,18199,DG64BJ
190,"Drs Oliver, Greeley, Innes & Spratt, Garden Hill Primary Care Centre, 2 Garden Hill Road, Castle Douglas",DG7 3EE,18216,DG73EE
191,"Glenkens Medical Practice, High Street, New Galloway",DG7 3RN,18235,DG73RN
192,"Dalbeattie Medical Practice, Craignair Health Centre, Port Road, Dalbeattie",DG5 4AZ,18240,DG54AZ
193,"Shebburn Medical Practice, Shebburn Surgery, New Abbey",DG2 8BY,18254,DG28BY
194,"St Michaels Medical Centre, St Michaels Bridge Road, Dumfries",DG1 2PX,18273,DG12PX
195,"Lochthorn Medical Centre, Edinburgh Road, Dumfries",DG1 1TR,18288,DG11TR
196,"Charlotte Medical Practice, Lochfield Road Primary Care Centre, 12-28 Lochfield Road, Dumfries",DG2 9BH,18305,DG29BH
197,"Gillbrae Medical Practice, Gillbrae Road, Dumfries",DG1 4EJ,18310,DG14EJ
198,"Upper Nithsdale Group Practice, Health Centre, Station Road, Sanquhar",DG4 6BT,18324,DG46BT
199,"Thornhill Medical Practice, Health Centre, Thornhill, Dumfriesshire",DG3 5AA,18339,DG35AA
200,"Cairn Valley Medical Practice, Dunscore Health Centre, Dunscore, Dumfries",DG2 0UJ,18343,DG20UJ
201,"Lockerbie Medical Practice, Lockerbie Health Centre, Victoria Gardens, Lockerbie",DG11 2BJ,18358,DG112BJ
202,"Lochmaben Medical Group, 42-44 High Street, Lochmaben",DG11 1NH,18377,DG111NH
203,"The Moffat Surgery, High Street, Moffat",DG10 9JP,18396,DG109JP
204,"Greencroft Medical Centre (South), Greencroft Wynd, Annan",DG12 6GS,18409,DG126GS
205,"Dr N G Kelly & Partners, Greencroft Medical Centre (North), Greencroft Wynd, Annan",DG12 6GN,18413,DG126GN
206,"Gretna Surgery, Central Avenue, Gretna",DG16 5NA,18428,DG165NA
207,"Canonbie Surgery, Bowholm, Canonbie",DG14 0UX,18432,DG140UX
208,"Langholm Medical Partnership, Health Centre, Langholm",DG13 0JY,18447,DG130JY
209,"Ecclefechan Surgery, The Surgery, Ecclefechan, Lockerbie",DG11 3BT,18451,DG113BT
210,"Greyfriars Medical Centre, 33-37 Castle Street, Dumfries",DG1 1DL,18560,DG11DL
211,"Sandhead Surgery, Piggery Road, Sandhead, Wigtownshire",DG9 9DP,18574,DG99DP
212,"Glenluce Surgery, Four Winds, Glenluce, Wigtownshire",DG8 0PU,18589,DG80PU
213,"Lochnaw Practice, Waverley Medical Centre, Dalrymple Street, Stranraer",DG9 7DW,18593,DG97DW
214,"Southern Machars Practice, 3 St. John Street, Whithorn",DG8 8PS,18611,DG88PS
215,"Galloway Hills Medical Practice, Newton Stewart Health Centre, Creebridge, Newton Stewart",DG8 6NR,18625,DG86NR
216,"Grove Health Centre, 129 Dundee Road, Broughty Ferry, Dundee",DD5 1DU,10106,DD51DU
217,"Park Avenue Medical Centre, Park Avenue, Dundee",DD4 6PP,11005,DD46PP
218,"Tay Court Surgery, 50 South Tay Street, Dundee",DD1 1PF,11058,DD11PF
219,"Ancrum One, Ancrum Medical Centre, 12 Ancrum Road, Dundee",DD2 2HZ,11096,DD22HZ
220,"Taybank Medical Centre, 10 Robertson Street, Dundee",DD4 6EL,11128,DD46EL
221,"Coldside Medical Practice, 129 Strathmartine Road, Dundee",DD3 8DB,11166,DD38DB
222,"Westgate Medical Practice, Westgate Health Centre, Charleston Drive, Dundee",DD2 4AD,11171,DD24AD
223,"Princes Street Surgery, 155 Princes Street, Dundee",DD4 6DG,11289,DD46DG
224,"Broughty Family Healthcare, 103 Brown Street, Broughty Ferry, Dundee",DD5 1EP,11306,DD51EP
225,"Hawkhill Medical Centre, Hawkhill, Dundee",DD1 5LA,11363,DD15LA
226,"Family Medical Group, Wallacetown Health Centre, Lyon Street, Dundee",DD4 6RB,11382,DD46RB
227,"Ryehill Medical Practice, St Peter Street, Dundee",DD1 4JH,11414,DD14JH
228,"Erskine Practice, Arthurstone Medical Centre, 39 Arthurstone Terrace, Dundee",DD4 6QY,11486,DD46QY
229,"Mill Practice, Arthurstone Medical Practice, 39 Arthurstone Terrace, Dundee",DD4 6QY,11645,DD46QY
230,"Terra Nova Medical Practice LLP, Terra Nova House, 43 Dura Street, Dundee",DD4 6SW,11650,DD46SW
231,"Downfield Surgery, 325 Strathmartine Road, Dundee",DD3 8NE,11823,DD38NE
232,"Hillbank Health Centre, 1a Constitution Street, Dundee",DD3 6NF,11861,DD36NF
233,"Maryfield Medical Centre, 28 Mains Loan, Dundee",DD4 7AA,11931,DD47AA
234,"Ancrum Medical Centre, 12 Ancrum Road, Dundee",DD2 2HZ,12210,DD22HZ
235,"Nethergate Medical Centre, 2 Tay Square, Dundee",DD1 1PB,12281,DD11PB
236,"Lochee Health Centre, 1 Marshall Street, Dundee",DD2 3BR,12831,DD23BR
237,"Whitfield Surgery, The Crescent, 71 Lothian Crescent, Dundee",DD4 0HJ,12901,DD40HJ
238,"Crosshouse Medical Practice, Crosshouse Resource Centre, Annandale Gardens, Crosshouse",KA2 0LE,80166,KA20LE
239,"Tanyard Medical Practice, The Health Centre, 2 Tanyard, Cumnock",KA18 1BF,80171,KA181BF
240,"Dalmellington Medical Practice, Dalmellington Area Centre, 33 Main Street, Dalmellington",KA6 7QL,80202,KA67QL
241,"Galston Medical Practice, 5a Henrietta Street, Galston, AYRSHIRE",KA4 8HW,80260,KA48HW
242,"Marnock Medical Group, 12 London Road, Kilmarnock, Ayrshire",KA3 7AE,80378,KA37AE
243,"Dr Sardar and Partners, The Surgery, 31 Portland Road, Kilmarnock",KA1 2DJ,80397,KA12DJ
244,"The Wards Medical Centre, 25 Dundonald Road, Kilmarnock, Ayrshire",KA1 1RU,80400,KA11RU
245,"The Surgery, Old Irvine Road Surgery, 4/6 Old Irvine Road, Kilmarnock",KA1 2BD,80414,KA12BD
246,"Valley Medical Practice, 67 Afton Bridgend, New Cumnock, Ayrshire",KA18 4BA,80518,KA184BA
247,"Riverside Medical Practice, 1 Doonside Avenue, Patna, AYRSHIRE",KA6 7LX,80522,KA67LX
248,"Stewarton Medical Practice, The Health Centre, 45 High Street, Stewarton",KA3 5BP,80594,KA35BP
249,"Taiglum Medical Practice, Drongan Centre, Mill Of Shields Road, Drongan",KA6 7AY,80720,KA67AY
250,"Ballochmyle Medical Group, The Clinic, Institute Avenue, Catrine",KA5 6RU,80749,KA56RU
251,"Auchinleck Surgery, The Health Centre, Main Street, Auchinleck",KA18 2AY,80772,KA182AY
252,"Dr Kondol and Partners, Loudoun Medical Centre, Lochore Terrace, Darvel",KA17 0HD,80787,KA170HD
253,"THIRD FLOOR, THE JOHNNIE WALKER BOND, 15 STRAND STREET, KILMARNOCK",KA1 1HU,80861,KA11HU
254,"Portland Medical Practice, 34 Portland Road, Kilmarnock, Ayrshire",KA1 2DL,80908,KA12DL
255,"The Terrace Medical Practice, 160 Drymen Road, Bearsden, Glasgow",G61 3RD,40027,G613RD
256,"Kessington Medical Centre, 85 Milngavie Road, Bearsden, Glasgow",G61 2DN,40101,G612DN
257,"Ashfield Medical Practice, Ashfield House, 1 Ashfield Road, Milngavie",G62 6BT,40173,G626BT
258,"Drs Blair, Secrett & Coombs, Denbridge Surgery, 96 Drymen Road, Bearsden, Glasgow",G61 2SY,40239,G612SY
259,"Kersland House Surgery, 37 Station Road, Milngavie",G62 8BT,40385,G628BT
260,"Drs Stewart & Pilsworth, Denbridge Surgery, 96 Drymen Road, Bearsden, Glasgow",G61 2SY,40402,G612SY
261,"Regent Gardens Medical Centre, 18 Union Street, Kirkintilloch",G66 1DH,43030,G661DH
262,"The Turret Medical Centre, Catherine Street, Kirkintilloch",G66 1JB,43044,G661JB
263,"Springfield Medical Practice, 9 Springfield Road, Bishopbriggs, Glasgow",G64 1PJ,43059,G641PJ
264,"Southbank Surgery, 17/19 Southbank Road, Kirkintilloch",G66 1NH,43100,G661NH
265,"Peelview Medical Centre, Peel View Medical Centre, 45/53 Union Street, Kirkintilloch",G66 1DN,43114,G661DN
266,"Kenmure Medical Practice, 7 Springfield Road, Bishopbriggs, Glasgow",G64 1PJ,43171,G641PJ
267,"Auchinairn Medical Practice, 127/129 Auchinairn Road, Bishopbriggs, Glasgow",G64 1NF,43222,G641NF
268,"Lennoxtown Medical Practice, Lennoxtown Hub, 46 Main Street, Lennoxtown",G66 7JJ,43261,G667JJ
269,"Dr Paul Lyons, Brackenbrae Surgery, 91 Kirkintilloch Road, Bishopbriggs, Glasgow",G64 2AA,43557,G642AA
270,"Woodhead Medical Practice, 10 Saramago Street, Kirkintilloch",G66 3BF,43581,G663BF
271,"Tyne Medical Practice, Newton Port Surgery, Newton Port, Haddington",EH41 3NF,76000,EH413NF
272,"Gullane Medical Practice, Gullane Medical Centre, Hamilton Road, Gullane",EH31 2HP,76029,EH312HP
273,"Riverside Medical Practice LLP, Musselburgh Primary Care Centre, Inveresk Road, Musselburgh",EH21 7BP,76033,EH217BP
274,"The Harbours Medical Practice, The Health Centre, Avenue Road, Cockenzie, East Lothian",EH32 0JU,76052,EH320JU
275,"Lammermuir Medical Practice, Newton Port Surgery, Newton Port, Haddington",EH41 3NF,76071,EH413NF
276,"Whitesands Medical Practice, Dunbar Medical Centre, Queens Road, Dunbar",EH42 1EE,76086,EH421EE
277,"The Orchard Medical Practice, Newton Port Surgery, Newton Port, Haddington",EH41 3NF,76103,EH413NF
278,"Prestonpans Group Practice, Prestonpans Health Centre, Preston Road, Prestonpans",EH32 9QS,76122,EH329QS
279,"North Berwick Group Practice, North Berwick Health Centre, 54 St. Baldred's Road, North Berwick",EH39 4PU,76137,EH394PU
280,"Inveresk Medical Practice, Musselburgh Primary Care Centre, Inveresk Road, Musselburgh",EH21 7BP,76141,EH217BP
281,"Lauderdale Medical Practice, Dunbar Medical Centre, Queens Road, Dunbar",EH42 1EE,76161,EH421EE
282,"Cromwell Harbour Medical Practice, Dunbar Medical Centre, Queens Road, Dunbar",EH42 1EE,76180,EH421EE
283,"East Linton Surgery, The Surgery, Station Road, East Linton",EH40 3DP,76194,EH403DP
284,"Ormiston Medical Practice, Tynemount Road, Ormiston",EH35 5AB,76211,EH355AB
285,"Tranent Medical Practice, The Health Centre, Loch Road, Tranent",EH33 2JX,76226,EH332JX
286,"Drs Boardman, King, Earl & Boyd, Eastwood Health & Care Centre, Drumby Crescent, Clarkston",G76 7HN,49159,G767HN
287,"Sheddens Medical Practice, The Sheddens Medical Practice, 5a Eaglesham Road, Clarkston, Glasgow",G76 7BU,49197,G767BU
288,"Eastwood Health & Care Centre, Drumby Crescent, Clarkston, Glasgow",G76 7HN,49214,G767HN
289,"Mearns Medical Centre, 30 Maple Avenue, Newton Mearns, Glasgow",G77 5BQ,49337,G775BQ
290,"Eastwood Health & Care Centre, Drumby Crescent, Clarkston, Glasgow",G76 7HN,49445,G767HN
291,"Broomburn Medical Centre, 257 Mearns Road, Newton Mearns, Glasgow",G77 5LU,49464,G775LU
292,"Greenlaw Medical Practice, Unit 3, 3 Greenlaw Place, Newton Mearns",G77 6GR,49568,G776GR
293,"Elmwood Medical Practice, Eastwood Health & Care Centre, Drumby Crescent, Clarkston",G76 7HN,49619,G767HN
294,"Carolside Medical Centre, 1/2 Carolside Gardens, Clarkston, Glasgow",G76 7BX,49623,G767BX
295,"The Maclean Medical Practice, Eastwood Health & Care Centre, Drumby Crescent, Clarkston",G76 7HN,49638,G767HN
296,"Williamwood Practice, 85 Seres Road, Clarkston, Glasgow",G76 7NW,49784,G767NW
297,"Drs Quigley, Canning, Wedlock & Kakar, Thornliebank Health Centre, 20 Kennishead Road, Glasgow",G46 8NY,52221,G468NY
298,"Drs McColl & McLaughlin, Thornliebank Health Centre, 20 Kennishead Road, Glasgow",G46 8NY,52255,G468NY
299,"Gleniffer Medical Group, Barrhead Health & Care Centre, 213 Main Street, Barrhead",G78 1SW,87019,G781SW
300,"Dr A Capaldi & Partners, The Medical Centre, 1 High Street, Neilston",G78 3HJ,87023,G783HJ
301,"The Oaks Medical Practice, 1st Floor, Barrhead Health & Care Centre, 213 Main Street, Barrhead",G78 1SW,87108,G781SW
302,"Levern Medical Group, Barrhead Health & Care Centre, 213 Main Street, Barrhead",G78 1SW,87165,G781SW
303,"Forthview Practice, Health Centre, Dean Road, Bo'ness",EH51 0DQ,25070,EH510DQ
304,"The Richmond Practice, The Richmond Practice, Dean Road, Bo'ness",EH51 0DQ,25084,EH510DQ
305,"Kinglass Medical Practice, Kinglass Centre, Gauze Road, Bo'ness",EH51 9UE,25099,EH519UE
306,"Denny Cross Medical Centre, 1 Duke Street, Denny",FK6 6DB,25173,FK66DB
307,"Carronbank Medical Practice, Denny Health Centre, Carronbank House, Denny",FK6 6GD,25188,FK66GD
308,"Antonine Medical Practice, Larbert Road, Bonnybridge",FK4 1ED,25192,FK41ED
309,"Bonnybank Medical Practice, Bonnybridge Health Centre, Larbert Road, Bonnybridge",FK4 1ED,25205,FK41ED
310,"Wallace Medical Centre, 254 Thornhill Road, Falkirk",FK2 7AZ,25262,FK27AZ
311,"Ark Medical Practice, 9 Booth Place, Falkirk",FK1 1BA,25277,FK11BA
312,"Meeks Road Surgery, 10 Meeks Road, Falkirk",FK2 7ES,25281,FK27ES
313,"Bo'ness Road Medical Practice, 33 Bo'ness Road, Grangemouth",FK3 8AN,25332,FK38AN
314,"Viewpoint Medical Practice, Stenhousemuir Health Centre, Park Drive, Stenhousemuir",FK5 3BB,25390,FK53BB
315,"Parkview Practice, Stenhousemuir Health Centre, Park Drive, Stenhousemuir",FK5 3BB,25402,FK53BB
316,"Polmont Park Medical Practice, Meadowbank Health Centre, Salmon Inn Road, Polmont",FK2 0XF,25441,FK20XF
317,"Braesview Medical Group, Meadowbank Health Centre, Salmon Inn Road, Polmont",FK2 0XF,25455,FK20XF
318,"Parkhill Medical Practice, Meadowbank Health Centre, Polmont, Falkirk",FK2 0XF,25460,FK20XF
319,"Slamannan Medical Practice, Bank Street, Slamannan, Stirlingshire",FK1 3EZ,25474,FK13EZ
320,"Stenhouse Practice, Stenhousemuir Health Centre, Park Drive, Stenhousemuir",FK5 3BB,25597,FK53BB
321,"Tryst Medical Centre, 431 King Street, Stenhousemuir, Larbert",FK5 4HT,25648,FK54HT
322,"Carron Medical Centre, Ronades Road, Bainsford, Falkirk",FK2 7TA,25652,FK27TA
323,"Ochilview Practice, Stenhousemuir Health Centre, Park Drive, Stenhousemuir",FK5 3BB,25671,FK53BB
324,"Forth Medical Group, Health Centre, Kersiebank Avenue, Grangemouth",FK3 9EL,26020,FK39EL
325,"Anstruther Medical Practice, Crail Road, Cellardyke, Anstruther, Fife",KY10 3FF,20004,KY103FF
326,"Auchtermuchty Practice, Auchtermuchty Health Centre, 12 Carswell Wynd, Auchtermuchty",KY14 7AW,20057,KY147AW
327,"Muiredge Surgery, Merlin Crescent, Buckhaven, Fife",KY8 1HJ,20108,KY81HJ
328,"Burntisland Health Centre, 74 Somerville Street, Burntisland, Fife",KY3 9DF,20151,KY39DF
329,"The Links Practice, The Health Centre, 74 Somerville Street, BURNTISLAND, Fife",KY3 9DF,20184,KY39DF
330,"Wallsgreen Medical Practice, The Health Centre, Wallsgreen Road, Cardenden",KY5 0JE,20254,KY50JE
331,"Cowdenbeath Surgery, Cowdenbeath Medical Practice, 173 Stenhouse Street, Cowdenbeath",KY4 9DH,20305,KY49DH
332,"Crossgates Medical Practice, 94 Main Street, Crossgates, Fife",KY4 8DF,20358,KY48DF
333,"Eden Villa Practice, The Health Centre, Bank Street, Cupar",KY15 4JN,20409,KY154JN
334,"Bank Street Medical Group, The Health Centre, Bank Street, Cupar",KY15 4JN,20413,KY154JN
335,"Nethertown Surgery, Elliot Street, Dunfermline, Fife",KY11 4TF,20451,KY114TF
336,"New Park Medical Practice, 163 Robertson Road, Dunfermline, Fife",KY12 0BL,20466,KY120BL
337,"Hospital Hill Surgery, Izatt Avenue, Dunfermline, Fife",KY11 3BA,20471,KY113BA
338,"Millhill Surgery, 87 Woodmill Street, Dunfermline, Fife",KY11 4JW,20485,KY114JW
339,"Bellyeoman Surgery, Bellyeoman Road, Dunfermline, Fife",KY12 0AE,20490,KY120AE
340,"Linburn Road Health Centre, 124 Nith Street, Dunfermline, Fife",KY11 4LT,20502,KY114LT
341,"The Lomond Practice, Napier Road, Glenrothes, Fife",KY6 1HL,20606,KY61HL
342,"North Glen Medical Practice, 1 Huntsman'S Court, Glenrothes, Fife",KY7 6SX,20611,KY76SX
343,"The Glenwood Practice, Glenwood Health Centre, Napier Road, Glenrothes",KY6 1HL,20630,KY61HL
344,"Cos Lane Surgery, Woodside Road, Glenrothes, Fife",KY7 4AQ,20659,KY74AQ
345,"Rothes Medical Practice, Pitteuchar Health Centre, Glamis Centre, Glenrothes",KY7 4RH,20663,KY74RH
346,"Valleyfield Medical Practice, The Health Centre, Chapel Street, High Valleyfield",KY12 8SJ,20729,KY128SJ
347,"Inverkeithing Medical Group, Inverkeithing Medical Centre, 5 Friary Court, Inverkeithing",KY11 1NU,20752,KY111NU
348,"Kelty Medical Practice, Kelty Health Centre, 80 Main Street, Kelty",KY4 0AE,20803,KY40AE
349,"Kennoway Medical Group, Jordan Lane, Kennoway, Fife",KY8 5JZ,20856,KY85JZ
350,"Kinghorn Medical Practice, Rossland Place, Kinghorn, Fife",KY3 9RT,20907,KY39RT
351,"Nicol Street Surgery, 48 Nicol Street, Kirkcaldy, Fife",KY1 1PH,20950,KY11PH
352,"Drs McKenna, Morris & Murphy, Kirkcaldy Health Centre, Whyteman'S Brae, Kirkcaldy",KY1 2NA,20964,KY12NA
353,"Bennochy Medical Centre, 65 Bennochy Road, Kirkcaldy, Fife",KY2 5RB,20979,KY25RB
354,"St Brycedale Surgery, St Brycedale Road, Kirkcaldy, Fife",KY1 1ER,20983,KY11ER
355,"Path House Medical Practice, 7 Nether Street, Kirkcaldy, Fife",KY1 2PG,20998,KY12PG
356,"Drs Dixon, Duggan, Egerton, MacKernan & McCrickard, Kirkcaldy Health Centre, Whyteman'S Brae, Kirkcaldy",KY1 2NA,21007,KY12NA
357,"Drs Mitchell, Fordyce & Lempke, Kirkcaldy Health Centre, Whyteman'S Brae, Kirkcaldy",KY1 2NA,21011,KY12NA
358,"Howe of Fife Surgery, 27 Commercial Road, Ladybank, Fife",KY15 7JS,21101,KY157JS
359,"Leslie Medical Practice, Anderson Drive, Leslie, Fife",KY6 3LQ,21153,KY63LQ
360,"Pitcairn Practice Leuchars & Balmullo, Balmullo Surgery, 1 Pitcairn Drive, Balmullo",KY16 0DZ,21204,KY160DZ
361,"Scoonie Medical Practice, The Health Centre, Victoria Road, Leven",KY8 4ET,21257,KY84ET
362,"The Health Centre, Victoria Road, Leven, Fife",KY8 4ET,21276,KY84ET
363,"The Surgery, Main Road, Charlestown, Fife",KY11 3ED,21308,KY113ED
364,"Meadows Practice, The Health Centre, David Street, Lochgelly",KY5 9QZ,21384,KY59QZ
365,"Benarty Medical Practice, 54-58 Lochleven Road, Lochore, Fife",KY5 8DA,21421,KY58DA
366,"Lochgelly Medical Group, The Health Centre, David Street, Lochgelly, Fife",KY5 9QZ,21435,KY59QZ
367,"Dr K Thompson, The Health Centre, David Street, Lochgelly, Fife",KY5 9QZ,21440,KY59QZ
368,"Markinch Medical Practice, 19 High Street, Markinch, Fife",KY7 6ER,21454,KY76ER
369,"Methilhaven Surgery, 361 Methilhaven Road, Methil, Fife",KY8 3HR,21505,KY83HR
370,"Airlie Medical Practice, Ajax Way, Methil, Fife",KY8 3RS,21524,KY83RS
371,"Newburgh Surgery, 116 High Street, Newburgh, Fife",KY14 6DA,21558,KY146DA
372,"Tayview Medical Practice, 16 Victoria Street, Newport-On-Tay, Fife",DD6 8DJ,21609,DD68DJ
373,"Oakley Health Centre, Wardlaw Way, OAKLEY",KY12 9QH,21613,KY129QH
374,"Pittenweem Surgery, 2 Routine Row, Pittenweem, Fife",KY10 2LG,21736,KY102LG
375,"Primrose Lane Medical Centre, 3-5 Jutland Street, Rosyth, Fife",KY11 2ZL,21755,KY112ZL
376,"Park Road Practice, Park Road Surgery, Park Road, Rosyth",KY11 2SE,21760,KY112SE
377,"Blackfriars Medical Practice, St Andrews Community Hospital, Largo Road, St Andrews",KY16 8AR,21825,KY168AR
378,"Pipeland Medical Practice, St Andrews Community Hospital, Largo Road, St Andrews, Fife",KY16 8AR,21830,KY168AR
379,"Fulton Street Medical Centre, Fulton Street Surgery, 94 Fulton Street, Glasgow",G13 1JE,40008,G131JE
380,"Buckingham Terrace Medical Practice, 31 Buckingham Terrace, Glasgow",G12 8ED,40012,G128ED
381,"Drs Reid & MacLaren Partnership, 3 Radnor Street, Glasgow",G3 7UA,40031,G37UA
382,"Anniesland Medical Practice, 46 Munro Place, Glasgow",G13 2UP,40051,G132UP
383,"Abingdon Medical Practice, 12 Stewartville Street, Glasgow",G11 5PE,40070,G115PE
384,"The Broomhill Practice, 41 Broomhill Drive, Glasgow",G11 7AD,40121,G117AD
385,"Northcote Surgery, 2 Victoria Circus, Glasgow",G12 9LD,40140,G129LD
386,"Queens Crescent Surgery, 10 Queen's Crescent, Glasgow",G4 9BL,40154,G49BL
387,"Dr I. Cullen, 130 Hyndland Road, Glasgow",G12 9PN,40188,G129PN
388,"Gardner Street Surgery, The Surgery, 16 Gardner Street, Glasgow",G11 5NG,40192,G115NG
389,"Shaftesbury Medical Practice, 1265 - 1275 Dumbarton Road, Glasgow",G14 9UU,40210,G149UU
390,"Drs McAlpine, Walker & Pettigrew, 14 Apsley Street, Glasgow",G11 7SY,40277,G117SY
391,"Dr Haggerty, 250 Drumchapel Road, Glasgow",G15 6EG,40281,G156EG
392,"Peel Street Medical Centre, 11 Peel Street, Glasgow",G11 5LL,40296,G115LL
393,"Drs Melrose & Sharp Partnership, 3 Radnor Street, Glasgow",G3 7UA,40328,G37UA
394,"Knightswood Medical Practice, 1980 Great Western Road, Glasgow",G13 2SW,40332,G132SW
395,"Dr A P Jackson & Partners, 91 Hyndland Road, Hyndland, Glasgow",G12 9JE,40351,G129JE
396,"Dr M Roushdy-Gemie & Dr M Smith, Yokermill Medical Centre, 6 Yokermill Road, Glasgow",G13 4PU,40390,G134PU
397,"Whiteinch Medical Practice, 1215 - 1232 Dumbarton Road, Glasgow",G14 9UT,40417,G149UT
398,"Drs Logan & Macdonald, Drumchapel Health Centre, 80/90 Kinfauns Drive, Glasgow",G15 7TS,40421,G157TS
399,"Garscadden Burn Medical Practice, Drumchapel Health Centre, 80/90 Kinfauns Drive, Glasgow",G15 7TS,40436,G157TS
400,"Drs Crawford, MacNeill, Clarey & Henderso, Sandyford Surgery, 1119 Argyle Street, Glasgow",G3 8ND,40455,G38ND
401,"Dr A Khan, Bank Street Surgery, 26 Bank Street, Glasgow",G12 8ND,40460,G128ND
402,"The Cairntoul Practice, 9 Cairntoul Drive, Glasgow",G14 0XT,40493,G140XT
403,"Yoker Medical Centre, 2383 Dumbarton Road, Yoker, Glasgow",G14 0NT,40525,G140NT
404,"Drumchapel Medical Practice, Drumchapel Health Centre, 80/90 Kinfauns Drive, Glasgow",G15 7TS,40544,G157TS
405,"Dr Turnbull & Dr Coyle, Drumchapel Health Centre, 80/90 Kinfauns Drive, Glasgow",G15 7TS,40559,G157TS
406,"Scotstoun Medical Practice, 1483 Dumbarton Road, Glasgow",G14 9XL,40563,G149XL
407,"Barclay Medical Practice Victoria Park, 1398 Dumbarton Road, Glasgow",G14 9DR,40578,G149DR
408,"Glasgow West Medical Practice, 1264 Dumbarton Road, Glasgow",G14 9PS,40629,G149PS
409,"Challenging Behaviour Practice, 55 Hunter Street, Glasgow",G4 0UP,40667,G40UP
410,"Ashton Medical Practice, Ashton House, 3 Ashton Road, Glasgow",G12 8SP,40718,G128SP
411,"Dr M Duffy & Dr A Morgan, Drumchapel Health Centre, 80/90 Kinfauns Drive, Glasgow",G15 7TS,40722,G157TS
412,"Kingsway Medical Practice, 12 Kingsway Court, Glasgow",G14 9SS,40737,G149SS
413,"Gairbraid Medical Practice, Maryhill Health & Care Centre, 51 Gairbraid Avenue, Glasgow",G20 8FB,43011,G208FB
414,"Dr A. Polding, Springburn Health Centre, 200 Springburn Way, Glasgow",G21 1TR,43063,G211TR
415,"Dr Burton & Dr Krishnan, Woodside Health Centre, 891 Garscube Road, Glasgow",G20 7ER,43082,G207ER
416,"Atlas Medical Practice, Springburn Health Centre, 200 Springburn Way, Glasgow",G21 1TR,43097,G211TR
417,"Drs Ballantyne & Blair, Springburn Health Centre, 200 Springburn Way, Glasgow",G21 1TR,43129,G211TR
418,"Drs Howat, McKinlay, Legge, Hunter & Newhouse, The Barony Medical Centre, 30 Auchinloch Street, Glasgow",G21 4AH,43133,G214AH
419,"The Firhill Practice, Woodside Health & Care Centre, 891 Garscube Road, Glasgow",G20 7ER,43167,G207ER
420,"Drs Leslie, Ojo & Chetty, Woodside Health Centre, 891 Garscube Road, Glasgow",G20 7ER,43186,G207ER
421,"Drs Gaw & Esler, Woodside Health Centre, 891 Garscube Road, Glasgow",G20 7ER,43191,G207ER
422,"Kelvin Medical Centre, 96 Napiershall Street, Glasgow",G20 6HS,43203,G206HS
423,"Drs Adair & Denholm, Woodside Health Centre, 891 Garscube Road, Glasgow",G20 7ER,43218,G207ER
424,"Keppoch Medical Practice, Possilpark Health & Care Centre, 99 Saracen Street, Glasgow",G22 5AP,43237,G225AP
425,"Balmore Surgery, Possilpark Health & Care Centre, 99 Saracen Street, Glasgow",G22 5AP,43256,G225AP
426,"Drs Meek, Fox & Jamieson, Wallacewell Medical Centre, 264 Wallacewell Road, Glasgow",G21 3RW,43275,G213RW
427,"Allander Surgery, 191 Denmark Street, Glasgow",G22 5SS,43294,G225SS
428,"Dr Gordon Campbell & Dr Kirsten Halstvedt, Milton Medical Centre, 109 Egilsay Street, Milton, Glasgow",G22 7JL,43307,G227JL
429,"Maryhill Red Practice, Maryhill Health & Care Centre, 51 Gairbraid Avenue, Glasgow",G20 8FB,43311,G208FB
430,"Fernbank Medical Centre, 194 Fernbank Street, Glasgow",G22 6BD,43326,G226BD
431,"Dr Rasul & Partners, Woodside Health Centre, 891 Garscube Road, Glasgow",G20 7ER,43453,G207ER
432,"Dr Ho Chong Teck, Woodside Health Centre, 891 Garscube Road, Glasgow",G20 7ER,43468,G207ER
433,"Drs Harris, Milburn, Brown, Candy & Gourlay, Springburn Health Centre, 200 Springburn Way, Glasgow",G21 1TR,43504,G211TR
434,"Dr S J Langridge, Possilpark Health & Care Centre, 99 Saracen Street, Glasgow",G22 5AP,43538,G225AP
435,"Dr M Showkat, Possilpark Health & Care Centre, 99 Saracen Street, Glasgow",G22 5AP,43542,G225AP
436,"Barclay Medical Practice, Maryhill Health & Care Centre, 51 Gairbraid Avenue, Glasgow",G20 8FB,43576,G208FB
437,"Townhead Medical Practice, Townhead Health Centre, 16 Alexandra Parade, Glasgow",G31 2ES,46019,G312ES
438,"Glenmill Medical Practice, 1191 Royston Road, Glasgow",G33 1EY,46057,G331EY
439,"Parade Group Practice, Townhead Health Centre, 16 Alexandra Parade, Glasgow",G31 2ES,46061,G312ES
440,"The Cairns Practice, Shettleston Health Centre, 420 Old Shettleston Road, Glasgow",G32 7JZ,46081,G327JZ
441,"Drs Mckenzie & Burns, Parkhead Health Centre, 101 Salamanca Street, Glasgow",G31 5BA,46095,G315BA
442,"Drs Lam & Wilson, Gilbertfield Medical Centre, 67 Gilbertfield Street, Glasgow",G33 3TU,46112,G333TU
443,"Annfield Medical Centre, 16 Annfield Place, Glasgow",G31 2XE,46127,G312XE
444,"Crail Medical Practice, 245 Tollcross Road, Glasgow",G31 4UW,46131,G314UW
445,"Carntyne Medical Centre, 275 Carntyne Road, Glasgow",G32 6JP,46146,G326JP
446,"Dr M Khan, Commonwealth Village Medical Practice, 305 Springfield Road, Glasgow",G40 3LJ,46151,G403LJ
447,"Dr S Ross, Shettleston Health Centre, 420 Old Shettleston Road, Glasgow",G32 7JZ,46165,G327JZ
448,"Main Street Medical Centre, 40 Main Street, Glasgow",G40 1HA,46184,G401HA
449,"Dr K Miller & Partners, Lightburn Medical Centre, 930 Carntyne Road, Glasgow",G32 6NB,46201,G326NB
450,"McGlone Practice, Baillieston Health Centre, 20 Muirside Road, Baillieston, Glasgow",G69 7AD,46216,G697AD
451,"Oakwood Medical Practice, Easterhouse Health Centre, 9 Auchinlea Road, Glasgow",G34 9HQ,46221,G349HQ
452,"Drs Dames, Macphee & Lateef, Parkhead Health Centre, 101 Salamanca Street, Glasgow",G31 5BA,46235,G315BA
453,"Dr D.S.Dhami, Easterhouse Health Centre, 9 Auchinlea Road, Glasgow",G34 9HQ,46240,G349HQ
454,"Drs Mccallum, Gardiner & Makun, Lightburn Medical Centre, 930 Carntyne Road, Glasgow",G32 6NB,46292,G326NB
455,"The Muirside Medical Practice, Baillieston Health Centre, 20 Muirside Road, Baillieston, Glasgow",G69 7AD,46305,G697AD
456,"Westmuir Medical Centre, The Westmuir Medical Practice, 109 Crail Street, Glasgow",G31 5RA,46339,G315RA
457,"Tollcross Medical Centre, 1101-1105 Tollcross Road, Glasgow",G32 8UH,46343,G328UH
458,"Dr M P Hamayun & Dr M R Masood, Bridgeton Health Centre, 201 Abercromby Street, Glasgow",G40 2DA,46396,G402DA
459,"Drs Connaughton & Sudomir, Bridgeton Health Centre, 201 Abercromby Street, Glasgow",G40 2DA,46428,G402DA
460,"Dr M Saleem, Bridgeton Health Centre, 201 Abercromby Street, Glasgow",G40 2DA,46447,G402DA
461,"Newhills Medical Practice, Easterhouse Health Centre, 9 Auchinlea Road, Glasgow",G34 9HQ,46451,G349HQ
462,"Lochend Surgery, Easterhouse Health Centre, 9 Auchinlea Road, Glasgow",G34 9HQ,46471,G349HQ
463,"Drs Cheung, Al-Agilly & Morgan, 463 Edinburgh Road, Glasgow",G33 3AL,46521,G333AL
464,"Abercromby Practice, Bridgeton Health Centre, 201 Abercromby Street, Glasgow",G40 2DA,46555,G402DA
465,"The Whitevale Medical Group, 30 Whitevale Street, Glasgow",G31 1QS,46560,G311QS
466,"Dalmarnock Family Medical Practice, Bridgeton Health Centre, 201 Abercromby Street, Glasgow",G40 2DA,46574,G402DA
467,"Homeless Health & Resource Services, 55 Hunter Street, Glasgow",G4 0UP,46589,G40UP
468,"Drs Dunn, Lynas & Rodgers, Bridgeton Health Centre, 201 Abercrombie Street, Glasgow",G40 2DA,46606,G402DA
469,"Dr Kapadia & Dr Khan Medical Practice, Bridgeton Health Centre, 201 Abercromby Street, Glasgow",G40 2DA,46611,G402DA
470,"Dr Raymond Orr & Partners, 568 Alexandra Parade, Glasgow",G31 3BP,46625,G313BP
471,"Practice B, Govanhill Health Centre, 233 Calder Street, Glasgow",G42 7DR,49041,G427DR
472,"Dr C Mills & Partners, New Gorbals Health & Care Centre, 2 Sandiefield Road, Glasgow",G5 9AB,49074,G59AB
473,"Drs McEvinney, Wright, McLaughlin & Levine, 44 Croftfoot Road, Glasgow",G44 5JT,49106,G445JT
474,"Drs McGivern, Murthy & Sinha, 148 Battlefield Road, Glasgow",G42 9JT,49130,G429JT
475,"Dr Dunn & Partners, 162 Nithsdale Road, Glasgow",G41 5RU,49144,G415RU
476,"Dr G Smith & Partners, Govanhill Health Centre, 233 Calder Street, Glasgow",G42 7DR,49178,G427DR
477,"Drs Geddes & Partners, 119-123 Kilmarnock Road, Glasgow",G41 3YT,49200,G413YT
478,"Merrylee Medical Centre, 142 Clarkston Road, Glasgow",G44 3DH,49248,G443DH
479,"Butterbiggins Medical Centre, 134 Butterbiggins Road, Glasgow",G42 7AF,49267,G427AF
480,"Drs Leslie, McNicol, Boyd & Stevenson, Shawlands Surgery, 1413 Pollokshaws Road, Glasgow",G41 3RG,49271,G413RG
481,"Queens Park Medical Practice, 181 Queen's Drive, Glasgow",G42 8QD,49286,G428QD
482,"Baker Street Surgery, 9 Baker Street, Glasgow",G41 3YA,49318,G413YA
483,"Dr Linda J Wright, Toryglen Medical Centre, 20 Glenmore Avenue, Glasgow",G42 0EH,49375,G420EH
484,"The Khan Medical Surgery, 274 Kings Park Avenue, Glasgow",G44 4JE,49411,G444JE
485,"Drs Rennie, Gallacher & Steel, Grantley Medical Practice, 1 Grantley Street, Glasgow",G41 3PT,49553,G413PT
486,"Drs Gordon, Best & McIntyre, New Gorbals Health & Care Centre, 2 Sandiefield Road, Glasgow",G5 9AB,49604,G59AB
487,"Regency Medical Practice, 80 McCulloch Street, Pollokshields, Glasgow",G41 1NX,49676,G411NX
488,"Mount Florida Medical Centre, 183 Prospecthill Road, Glasgow",G42 9LQ,49681,G429LQ
489,"Dr M. M. Sharif & Dr M. T. Saleem, The Park Surgery, 7 Baker Street, Glasgow",G41 3YA,49712,G413YA
490,"Castlemilk Group Practice, Castlemilk Health Centre, 71 Dougrie Drive, Glasgow",G45 9AW,49751,G459AW
491,"The Ker Practice, 30 Croftfoot Road, Glasgow",G44 5JT,49765,G445JT
492,"Kingspark Surgery, 274 Kings Park Avenue, Glasgow",G44 4JE,49770,G444JE
493,"Shields Medical Practice, 80 McCulloch Street, Glasgow",G41 1NX,49801,G411NX
494,"Midlock Medical Centre, 7 Midlock Street, Glasgow",G51 1SL,52005,G511SL
495,"Dr MacCuish Practice, 59 Farne Drive, Glasgow",G44 5DQ,52010,G445DQ
496,"Thurston Road Medical Practice, 140 Thurston Road, Glasgow",G52 2AZ,52024,G522AZ
497,"Dr C P Fraser & Partners, Govanhill Health Centre, 233 Calder Street, Glasgow",G42 7DR,52039,G427DR
498,"Braidcraft Medical Centre, 200 Braidcraft Road, Glasgow",G53 5QD,52043,G535QD
499,"The Crescent Medical Practice, 12 Walmer Crescent, Glasgow",G51 1AT,52058,G511AT
500,"The David Elder Medical Practice, Govan Health Centre, 5 Drumoyne Road, Glasgow",G51 4BJ,52062,G514BJ
501,"The Green Practice Govan, Govan Health Centre, 5 Drumoyne Road, Glasgow",G51 4BJ,52096,G514BJ
502,"Drs Chita & Hayes, Ibroxholm Medical Centre, 532 Paisley Road West, Glasgow",G51 1RN,52109,G511RN
503,"Dr Ferguson & Partners, Arran GP Surgery, 40 Admiral Street, Glasgow",G41 1HU,52128,G411HU
504,"Dr Raheela Bhatti, 74 Kyleakin Road, Arden, Glasgow",G46 8DH,52147,G468DH
505,"Waverley Park Medical Practice, 19 Dinmont Road, Glasgow",G41 3UJ,52151,G413UJ
506,"Drs Hilary Mcnaughtan & Patrick J O'Neill, Cardonald Medical Centre, 1831 Paisley Road West, Glasgow",G52 3SS,52185,G523SS
507,"Drs Dale, Blackwood & Chambers, Rutland Surgery, 24 Govan Road, Glasgow",G51 1HS,52202,G511HS
508,"Dr Mckeeve, Kinning Park Medical Centre(Ailsa), 42 Admiral Street, Glasgow",G41 1HU,52217,G411HU
509,"Dr Mair, Dr Pettigrew, Dr Martin & Dr Neylon, 1600-1604 Paisley Road West, Ibrox, Glasgow",G52 3QN,52241,G523QN
510,"Dr Alam's Surgery, """"Mull"""", Kinning Park Medical Centre, 36 Admiral Street, Glasgow",G41 1HU,52260,G411HU
511,"The Peat Road Medical Practice, Pollok Health Centre, 21 Cowglen Road, Glasgow",G53 6EQ,52293,G536EQ
512,"Yellow Practice, Govan Health Centre, 5 Drumoyne Road, Glasgow",G51 4BJ,52330,G514BJ
513,"Crookston Medical Practice, 230 Dalmellington Road, Crookston, Glasgow",G53 7FY,52344,G537FY
514,"Dr K G Hardie & Partners, Govan Health Centre, 5 Drumoyne Road, Glasgow",G51 4BJ,52359,G514BJ
515,"Drs Ghaus & Khouly, Pollok Health Centre, 21 Cowglen Road, Glasgow",G53 6EQ,52400,G536EQ
516,"Drs Datta & Partners, Cardonald Medical Centre, 1831 Paisley Road West, Glasgow",G52 3SS,52414,G523SS
517,"Pollokshaws Medical Centre, 26 Wellgreen, Glasgow",G43 1RR,52429,G431RR
518,"Thurso & Halkirk Medical Practice, 69 Princes Street, Thurso, Caithness",KW14 7DH,55003,KW147DH
519,"Riverbank Surgery, Janet Street, Thurso, Caithness",KW14 7AR,55037,KW147AR
520,"Nairn Healthcare Group, Nairn Town and County Hospital, Cawdor Road, Nairn",IV12 5EE,55041,IV125EE
521,"Dunbeath Surgery, Achorn Road, Dunbeath, Caithness",KW6 6EZ,55075,KW66EZ
522,"Canisbay & Castletown Joint Medical Practice, Murrayfield, Castletown",KW14 8TY,55080,KW148TY
523,"Lybster Medical Centre, Althorpe Street, Lybster, Caithness",KW3 6BQ,55094,KW36BQ
524,"Riverview Medical Practice, Wick Medical Centre, Martha Terrace, Wick",KW1 5EL,55131,KW15EL
525,"The Pearson Practice, Wick Medical Centre, Martha Terrace, Wick",KW1 5EL,55145,KW15EL
526,"Armadale Medical Practice, Armadale, Thurso, Caithness",KW14 7SA,55183,KW147SA
527,"Dornoch Medical Practice, Shore Road, Dornoch, Sutherland",IV25 3LS,55201,IV253LS
528,"Golspie Medical Practice, Golspie Health Centre, Fountain Road, Golspie",KW10 6TH,55220,KW106TH
529,"Lairg Health Centre, Main Street, Lairg",IV27 4DD,55249,IV274DD
530,"Assynt Medical Practice, 6 Main Street, Lochinver, Sutherland",IV27 4JZ,55253,IV274JZ
531,"Tongue Medical Practice, Tongue Health Centre, St Andrews Glebe, Tongue",IV27 4XB,55272,IV274XB
532,"Helmsdale/Brora Med Practice, Brora Health Centre, Station Square, Brora",KW9 6QJ,55287,KW96QJ
533,"Creich Surgery, Cherry Grove, Bonar Bridge",IV24 3EP,55291,IV243EP
534,"Scourie, Kinlochbervie and Durness Medical Practice, Health Centre, Kinlochbervie, Sutherland",IV27 4RP,55304,IV274RP
535,"Alness/Invergordon Med Prcte, Robertson Health Centre, Dalmore Road, Alness",IV17 0UN,55338,IV170UN
536,"Applecross, By Strathcarron, Ross And Cromarty",IV54 8LS,55342,IV548LS
537,"Aultbea/Gairloch Med Practice, Birchburn Surgery, Birchburn, Aultbea",IV22 2HU,55357,IV222HU
538,"Dingwall Medical Group, Dingwall Health Centre, Ferry Road, Dingwall",IV15 9QS,55376,IV159QS
539,"Fortrose Medical Practice, Station Road, Fortrose, Ross & Cromarty",IV10 8SY,55381,IV108SY
540,"Lochcarron Medical Partnership, The Ferguson Medical Centre, Lochcarron, Rosshire",IV54 8YD,55395,IV548YD
541,"Munlochy Medical Practice, The Surgery, Brae Terrace, Munlochy",IV8 8NG,55408,IV88NG
542,"Strathpeffer Medical Practice, School Road, Strathpeffer, Ross & Cromarty",IV14 9AG,55412,IV149AG
543,"Tain & District Med Group, The Health Centre, Craighill Terrace, Tain",IV19 1EU,55427,IV191EU
544,"Tain & Fearn Area Med Practice, The Health Centre, Craighill Terrace, Tain",IV19 1EU,55431,IV191EU
545,"Torridon Medical Practice, Fassaig, Torridon, Rossshire",IV22 2EZ,55446,IV222EZ
546,"Ullapool Health Centre, North Road, Ullapool",IV26 2XL,55451,IV262XL
547,"Carbost Medical Practice, The Surgery, Carbost, Skye And Lochalsh",IV47 8ST,55521,IV478ST
548,"Dunvegan Medical Practice, Dunvegan Health Centre, Dunvegan, Isle Of Skye",IV55 8GU,55535,IV558GU
549,"Glenelg Health Centre, Allt Ruadh, Glenelg",IV40 8JD,55554,IV408JD
550,"Kyle Medical Practice, Lochalsh Healthcare Centre, Station Road, Kyle Of Lochalsh",IV40 8AE,55569,IV408AE
551,"Portree Medical Practice, Portree, Isle Of Skye, Skye And Lochalsh",IV51 9BZ,55573,IV519BZ
552,"Craig Nevis Surgery - Fort William, Craig Nevis Surgery, Fort William Health Centre, Camaghael",PH33 7AQ,55605,PH337AQ
553,"Glen Mor Medical Practice - Fort William, Glen Mor Medical Practice, Fort William Health Centre, Camaghael",PH33 7AQ,55610,PH337AQ
554,"Tweeddale Medical Practice - Fort William, Tweeddale Medical Practice, Fort William Health Centre, Camaghael",PH33 7AQ,55624,PH337AQ
555,"Kinlochleven Medical Practice, Kearan Road, Kinlochleven",PH50 4QU,55639,PH504QU
556,"Lochaline Medical Practice, Morvern Medical Centre, Rowanbank, Lochaline",PA80 5XT,55643,PA805XT
557,"Acharacle Medical Practice, The Pines Medical Centre, Acharacle, Argyll",PH36 4JU,55662,PH364JU
558,"The Aird Medical Practice - Beauly, The Aird Medical Practice, Ferry Road, Beauly",IV4 7EA,55696,IV47EA
559,"Croyard Road - Beauly, The Surgery, Croyard Road, Beauly",IV4 7DT,55709,IV47DT
560,"Drumnadrochit Health Centre, Lewiston, Drumnadrochit, Inverness",IV63 6UL,55728,IV636UL
561,"Cill Chuimein Medical Centre - Fort Augustus, Cill Chuimein Medical Centre, Fort Augustus, Inverness",PH32 4BH,55732,PH324BH
562,"Loch Ness East And Strathnairn - Foyers, Loch Ness East And Strathnairn, The Medical Centre, Foyers",IV2 6YB,55747,IV26YB
563,"Culloden Surgery, Keppoch Road, Culloden, Inverness",IV2 7LL,55751,IV27LL
564,"Culloden Medical Practice, Keppoch Road, Culloden, Inverness",IV2 7LL,55766,IV27LL
565,"Kingsmills Medical Practice, 18 Southside Road, Inverness",IV2 3BG,55817,IV23BG
566,"Fairfield Medical Practice, 22a Abban Street, Inverness",IV3 8HH,55836,IV38HH
567,"Riverside Medical Practice, Riverside Medical Centre, Ballifeary Lane, Ness Walk, Inverness",IV3 5PW,55841,IV35PW
568,"Kinmylies Medical Practice, Assynt Road, Inverness",IV3 8PB,55860,IV38PB
569,"43 Southside Road, Inverness",IV2 4XA,55874,IV24XA
570,"Burnfield Medical Practice, Harris Road, Inverness",IV2 3PF,55889,IV23PF
571,"Crown Medical Practice, 12 Crown Avenue, Inverness",IV2 3NF,55893,IV23NF
572,"Aviemore Medical Practice, Aviemore Health Centre, Aviemore, Badenoch And Strathspey",PH22 1SY,55911,PH221SY
573,"Grantown-On-Spey, Badenoch & Strathspey",PH26 3HR,55925,PH263HR
574,"Kingussie Medical Practice, Old Distillery Surgery, Ardvonie Park, Kingussie",PH21 1ET,55930,PH211ET
575,"Gergask Surgery, Laggan, By Newtonmore",PH20 1AH,55944,PH201AH
576,"Cairn Medical Practice, 15 Culduthel Road, Inverness",IV2 4AG,56006,IV24AG
577,"Dunedin Medical Practice, Temple Crescent, Inverness",IV2 4TP,56011,IV24TP
578,"Ballachulish Medical Practice, East Laroch, Ballachulish, Argyll",PH49 4JB,56025,PH494JB
579,"Mallaig And Arisaig Medical Practice, Mallaig Health Centre, Victoria Road, Mallaig",PH41 4RN,56030,PH414RN
580,"SOUTH SKYE MEDICAL PRACTICES, BROADFORD HEALTH CENTRE, HIGH ROAD, BROADFORD, ISLE OF SKYE",IV49 9AA,56523,IV499AA
581,"Cromarty Medical Practice, Allan Square, Cromarty, Ross-shire",IV11 8YF,56538,IV118YF
582,"Gourock Medical Practice, Gourock Health Centre, 181 Shore Street, Gourock",PA19 1AQ,86001,PA191AQ
583,"Dr A Badejo, The Health Centre, 20 Duncan Street, Greenock",PA15 4LY,86040,PA154LY
584,"Ardgowan Medical Practice, 2 Finnart Street, Greenock",PA16 8HW,86177,PA168HW
585,"Mount Pleasant Practice, Station View Health Centre, 84 Holmscroft Street, Greenock",PA15 4DG,86181,PA154DG
586,"Drs Simpson, Luty & Ormond, 'Dorema', Bridge Of Weir Road, Kilmacolm",PA13 4AP,86196,PA134AP
587,"Drs E Manasses & Partners, The New Surgery, The Cargill Centre, Lochwinnoch Road, Kilmacolm",PA13 4LE,86209,PA134LE
588,"Dr Hogan, Allen & Quinn, The Health Centre, 20 Duncan Street, Greenock",PA15 4LY,86228,PA154LY
589,"Drs McCartney, Addiscott & Green, The Health Centre, 2 Bay Street, Port Glasgow",PA14 5EW,86271,PA145EW
590,"Drs Macdonald & Mitchell, The Health Centre, 2 Bay Street, Port Glasgow",PA14 5EW,86285,PA145EW
591,"Newark Medical Practice, The Health Centre, 2 Bay Street, Port Glasgow",PA14 5EW,86321,PA145EW
592,"Port Glasgow Medical Centre, Medical Centre, 4 Dubbs Place, Port Glasgow",PA14 5UD,86336,PA145UD
593,"The Roxburgh Practice, Station View Health Centre, 84 Holmscroft Street, Greenock",PA15 4DG,86341,PA154DG
594,"Regent Medical Practice, The Health Centre, 20 Duncan Street, Greenock",PA15 4LY,86355,PA154LY
595,"Lochview Medical Practice, Greenock Health Centre, 20 Duncan Street, Greenock",PA15 4LY,86360,PA154LY
596,"Eastfield Medical Practice, Eastfield Farm Road, Penicuik",EH26 8EZ,77036,EH268EZ
597,"Dalhousie Medical Practice, The Health Centre, 109-111 High Street, Bonnyrigg",EH19 2ET,77055,EH192ET
598,"Quarryfoot Practice, Health Centre, 109-111 High Street, Bonnyrigg",EH19 2ET,77074,EH192ET
599,"Roslin Medical Practice, 122 Penicuik Road, Roslin",EH25 9NT,77093,EH259NT
600,"Newbattle Medical Practice, Blackcot, Mayfield, Midlothian",EH22 4AA,77106,EH224AA
601,"Penicuik Medical Practice, The Health Centre, 37 Imrie Place, Penicuik",EH26 8LF,77111,EH268LF
602,"Pathhead Medical Practice, Pathhead Medical Centre, 210 Main Street, Pathhead",EH37 5PP,77125,EH375PP
603,"Newbyres Medical Group, 15 Hunterfield Road, Gorebridge",EH23 4TP,77159,EH234TP
604,"Dalkeith Medical Practice, The Health Centre, 24-26 St Andrew Street, Dalkeith",EH22 1AP,77197,EH221AP
605,"Danderhall Medical Practice, The Robertson Medical Centre, 85 Newton Church Road, Danderhall",EH22 1LX,77200,EH221LX
606,"Strathesk Medical Group, Health Centre, 109-111 High Street, Bonnyrigg",EH19 2ET,77271,EH192ET
607,"Loanhead Medical Practice, Loanhead Centre, George Avenue, Loanhead",EH20 9LA,77286,EH209LA
608,"Ardach Health Centre, Highfield Road, Buckie, Banffshire",AB56 1JE,32586,AB561JE
609,"Seafield & Cullen Medical Group, Barhill Road, Buckie, Moray",AB56 1FP,32622,AB561FP
610,"Linkwood Medical, The Glassgreen Centre, 2 Thornhill Drive, Elgin",IV30 6GQ,32707,IV306GQ
611,"Elgin Community Surgery, Highfield House, Northfield Terrace, Elgin, Morayshire",IV30 1NE,32711,IV301NE
612,"Fochabers Medical Practice, 12 High Street, Fochabers, Morayshire",IV32 7EP,32750,IV327EP
613,"Moray Coast Medical Practice, Moray Coast Health Centre, Muirton Road, Lossiemouth",IV31 6TU,32764,IV316TU
614,"Maryhill Group Practice incl. Rothes, Maryhill, Elgin, Moray",IV30 1AT,32779,IV301AT
615,"Forres Health & Care Centre -Varis, Grantown Road, Forres, Moray",IV36 1JG,32801,IV361JG
616,"Culbin Medical Practice, Grantown Road, Forres, Morayshire",IV36 1JG,32815,IV361JG
617,"Keith Medical Group, Turner Street, Keith, Banffshire",AB55 5DJ,32904,AB555DJ
618,"Aberlour Health Centre, Queens Road, Aberlour, Banffshire",AB38 9PR,33004,AB389PR
619,"Rinnes Medical Group, Mount Street, Dufftown, Moray",AB55 4FJ,33057,AB554FJ
620,"Glenlivet Medical Practice, Glenlivet Community Surgery, Drumin, Ballindalloch",AB37 9AN,33061,AB379AN
621,"The Group Practice, Springfield Road, Stornoway, Isle Of Lewis",HS1 2PS,90031,HS12PS
622,"North Harris Medical Practice, The Surgery, Tarbert, Isle of Harris",HS3 3BG,90098,HS33BG
623,"South Harris Medical Practice, Ferry Road, Leverburgh, Isle Of Harris",HS5 3UA,90101,HS53UA
624,"North Uist Medical Practice, The Surgery, Lochmaddy, Isle Of North Uist",HS6 5AE,90115,HS65AE
625,"Benbecula Medical Practice, Sorelle Lodge Surgery, Griminish, Isle Of Benbecula",HS7 5QA,90120,HS75QA
626,"South Uist Medical Practice, Daliburgh, Isle Of South Uist, Isle Of South Uist",HS8 5SS,90134,HS85SS
627,"Barra Medical Practice, Clach Mhile Surgery, Castlebay, Isle Of Barra",HS9 5XD,90149,HS95XD
628,"Broadbay Medical Practice, 16 Francis Street, Stornoway, Isle of Lewis",HS1 2XB,90172,HS12XB
629,"Langabhat Medical Practice, Leurbost, Lochs, Isle of Lewis",HS2 9JP,90204,HS29JP
630,"South Beach Medical Centre, 8 Harbour Street, Ardrossan, Ayrshire",KA22 8BS,80005,KA228BS
631,"Central Avenue Surgery, The Health Centre, 6 Central Avenue, Ardrossan",KA22 7DX,80010,KA227DX
632,"Beith Health Centre GP Practice, Beith Health Centre, Reform Street, Beith",KA15 2AE,80147,KA152AE
633,"Dalry Medical Practice, The Health Centre, 50 Vennel Street, Dalry",KA24 4AF,80217,KA244AF
634,"Bourtreehill Medical Practice, The Health Centre, Cheviot Way, Irvine",KA11 1JU,80306,KA111JU
635,"Eglinton Family Practice, Ayrshire Central Hospital, Kilwinning Road, Irvine",KA12 8TJ,80330,KA128TJ
636,"Townhead Surgery, 6/8 High Street, Irvine, AYRSHIRE",KA12 0AY,80344,KA120AY
637,"Kilbirnie Medical Practice, Kilbirnie Health Centre, 2 Kirkland Road, Kilbirnie",KA25 6HS,80363,KA256HS
638,"Saltcoats Group Practice, The Health Centre, 17/19 Raise Street, Saltcoats",KA21 5LX,80556,KA215LX
639,"Dr Rai's Practice, 37a The Lane, Skelmorlie, AYRSHIRE",PA17 5AR,80561,PA175AR
640,"Cumbrae Medical Practice, Garrison House, College Street, Millport",KA28 0DE,80679,KA280DE
641,"Frew Terrace Surgery, 9 Frew Terrace, Irvine, Ayrshire",KA12 9DY,80698,KA129DY
642,"Stevenston Group Practice, The Health Centre, 20 Main Street, Stevenston",KA20 3AB,80701,KA203AB
643,"Kilwinning Medical Practice, 15 Almswall Road, Kilwinning, Ayrshire",KA13 6BL,80753,KA136BL
644,"Oxenward Surgery, 3 Oxenward Road, Kilwinning, Ayrshire",KA13 6EH,80768,KA136EH
645,"Largs Medical Group, Brooksby Medical & Resource Centre, 31 Brisbane Road, Largs",KA30 8LH,80857,KA308LH
646,"Arran Medical Group, The Medical Centre, Lamlash, Isle of Arran",KA27 8NS,80927,KA278NS
647,"Ayrshire Medical Group, The Health Centre, 20 Main Street, Stevenston",KA20 3AB,81012,KA203AB
648,"Jamieson Medical Practice, 2 Cliffvale Road, CHRYSTON",G69 9DW,60054,G699DW
649,"Nalagatla Medical Practice, 146 Cumbernauld Road, STEPPS",G33 6HA,60073,G336HA
650,"Stepps Surgery, 131 Cumbernauld Road, STEPPS",G33 6EY,60088,G336EY
651,"The Motherwell Medical Practice, Motherwell Health Centre, 138-144 Windmillhill Street, MOTHERWELL",ML1 1TA,60213,ML11TA
652,"Glenboig Surgery, 8 Centre Street, GLENBOIG",ML5 2RY,60228,ML52RY
653,"Adam Avenue Practice, Dr R Clements & Partners, Airdrie Community Health Centre, 88 Graham Street, Airdrie",ML6 6DB,61061,ML66DB
654,"Tinto Medical Practice, Airdrie Community Health Centre, 88 Graham Street, Airdrie",ML6 6DB,61131,ML66DB
655,"Bankhouse Medical Practice, Airdrie Community Health Centre, 88 Graham Street, Airdrie, Lanarkshire",ML6 6DB,61151,ML66DB
656,"Dr O Osibo, Airdrie Community Health Centre, 88 Graham Street, Airdrie",ML6 6DB,61170,ML66DB
657,"Centenary Surgery, 9 Centenary Gardens, Coatbridge",ML5 4BY,61216,ML54BY
658,"The Faraday Medical Practice, Coatbridge Health Centre, 1 Centre Park Court, Coatbridge",ML5 3AP,61240,ML53AP
659,"Kildrum Medical Practice, Kildrum Health Centre, Lochlea Road, Cumbernauld",G67 2ES,61305,G672ES
660,"Condorrat Medical Practice, Condorrat Health Centre, 16 Airdrie Road, Condorrat, Cumbernauld",G67 4DN,61324,G674DN
661,"Caledonia Medical Practice, North Carbrain Road, Town Centre, Cumbernauld",G67 1BJ,61339,G671BJ
662,"Dr Carroll & Partners, Central Health Centre, North Carbrain Road, Town Centre, Cumbernauld",G67 1BJ,61343,G671BJ
663,"Kenilworth Medical Centre, Kenilworth Court, Greenfaulds, Cumbernauld",G67 1BP,61358,G671BP
664,"Abronhill Medical Group, Abronhill Health Centre, Pine Road, Abronhill, Cumbernauld",G67 3BE,61377,G673BE
665,"Dr DJ Clifford, Abronhill Health Centre, Pine Road, Abronhill, Cumbernauld",G67 3BE,61381,G673BE
666,"Waverley Medical Practice, Coatbridge Health Centre, 1 Centre Park Court, Coatbridge",ML5 3AP,61447,ML53AP
667,"Coatbank Medical Practice, Coatbridge Health Centre, 1 Centre Park Court, Coatbridge",ML5 3AP,61451,ML53AP
668,"Atrium Medical Practice, Buchanan Centre, 126-130 Main Street, Coatbridge",ML5 3BJ,61466,ML53BJ
669,"Kilsyth Medical Partnership, Kilsyth Community Health Centre, Airdrie Road, Kilsyth",G65 9JE,61502,G659JE
670,"WELLWYND PRACTICE, AIRDRIE COMMUNITY HEALTH CENTRE, 88 GRAHAM STREET, AIRDRIE",ML6 6DB,61625,ML66DB
671,"Thistle Medical Practice, Airdrie Community Health Centre, 88 Graham Street, AIRDRIE",ML6 6DB,61659,ML66DB
672,"Mossend Surgery, 494 Main Street, Bellshill, Lanarkshire",ML4 1DQ,62011,ML41DQ
673,"Bruce Medical Centre, 2 Pollock Street, Mossend, Bellshill",ML4 1QD,62031,ML41QD
674,"Fullwood Medical Practice, 120 Stevenston Street, New Stevenston, Motherwell",ML1 4LT,62045,ML14LT
675,"John Street Surgery, C/O Bellshill Community Health Clinic, Greenmoss Place, Bellshill",ML4 1PS,62050,ML41PS
676,"Newarthill Medical Practice, 15 Carfin Road, Newarthill, Lanarkshire",ML1 5AG,62115,ML15AG
677,"Drs Rao/Raman, 43/45 Main Street, Holytown, Lanarkshire",ML1 4TH,62120,ML14TH
678,"Dr GD Brough & Partners, 30 Lauchope Street, Chapelhall, Airdrie",ML6 8SR,62596,ML68SR
679,"Orchard Medical Centre, 41 Ladywell Road, Motherwell, Lanarkshire",ML1 3JX,62609,ML13JX
680,"Clyde Practice, Motherwell Health Centre, 138/144 Windmillhill Street, Motherwell",ML1 1TB,62690,ML11TB
681,"Drs Keenan & Fisher, Motherwell Health Centre, 138/144 Windmillhill Street, Motherwell",ML1 1TB,62702,ML11TB
682,"Dr A Porte & Partners, Glencairn Medical Practice, Modyrvale Medical Centre, Toll Street, Motherwell",ML1 2PJ,62717,ML12PJ
683,"Knowetop Medical Practice, Motherwell Health Centre, 138-144 Windmillhill Street, Motherwell",ML1 1TB,62736,ML11TB
684,"Dr NPM Dear & Partners, Newmains Health Centre, 17 Manse Road, Newmains",ML2 9AX,62806,ML29AX
685,"Forestbank Medical Partnership, Harthill Health Centre, 24/26 Victoria Street, Harthill",ML7 5QE,62844,ML75QE
686,"Dr George Practice, Shotts Health Centre, 36 Station Road, Shotts",ML7 5DS,62897,ML75DS
687,"Logan Practice, Houldsworth Centre, Kenilworth Avenue, Wishaw",ML2 7LP,62933,ML27LP
688,"Branchalwood Medical Practice, Houldsworth Centre, Kenilworth Avenue, Wishaw",ML2 7LP,62967,ML27LP
689,"Burnbrae Medical Practice, Shotts Health Centre, 36 Station Road, Shotts",ML7 4DS,62986,ML74DS
690,"Rosehall Surgery, 269 Station Road, Dykehead, Shotts",ML7 4AR,62991,ML74AR
691,"Macinnes Medical Centre, 60/64 High Street, Newarthill, Lanarkshire",ML1 5JU,63546,ML15JU
692,"Old Mill Surgery, Viewpark Health Centre, 119 Burnhead Street, Viewpark, Lanarkshire",G71 5SU,63828,G715SU
693,"Viewpark Health Centre, 119 Burnhead Street, Viewpark, Uddingston",G71 5RR,63832,G715RR
694,"Manse Road Medical Centre, 18 Manse Road, Newmains",ML2 9AX,63890,ML29AX
695,"Calder Valley Surgery, Houldsworth Centre, Kenilworth Avenue, Wishaw, Lanarkshire",ML2 7LP,63902,ML27LP
696,"Skerryvore Practice, The Balfour, Foreland Road, Kirkwall, Orkney",KW15 1NZ,38012,KW151NZ
697,"Stromness Surgery, John Street, Stromness, Orkney",KW16 3AD,38027,KW163AD
698,"Daisy Villa, St. Margaret's Hope, Orkney",KW17 2SN,38051,KW172SN
699,"Islands View Surgery, Rousay, Orkney",KW17 2PU,38084,KW172PU
700,"Heilendi Practice, The Balfour, Foreland Road, Kirkwall, Orkney",KW15 1NZ,38205,KW151NZ
701,"Dounby Surgery, Dounby, Orkney",KW17 2HH,38210,KW172HH
702,"Orcades Practice, Primary Care Department, The Balfour, Foreland Road, Kirkwall, Orkney",KW15 1NZ,38239,KW151NZ
703,"The Blue Practice, Crieff Medical Centre, King Street, Crieff",PH7 3SA,10017,PH73SA
704,"Aberfeldy And Kinloch Rannoch Medical Practice, Taybridge Road, Aberfeldy, Perthshire",PH15 2BL,10036,PH152BL
705,"Alyth Health Centre, New Alyth Road, Alyth",PH11 8EQ,10125,PH118EQ
706,"St Margaret's Health Centre, St Margarets Drive, Auchterarder",PH3 1JH,10361,PH31JH
707,"Ardblair Medical Practice, Ann Street, Blairgowrie, Perthshire",PH10 6EF,10407,PH106EF
708,"Strathmore Surgery, Jessie Street, Blairgowrie, Perthshire",PH10 6BT,10445,PH106BT
709,"Comrie Medical Centre, Strowan Road, Comrie, Perthshire",PH6 2LW,10708,PH62LW
710,"Coupar Angus Medical Centre, Candlehouse Lane, Coupar Angus, Perthshire",PH13 9DD,10746,PH139DD
711,"The Red Practice, Crieff Medical Centre, King Street, Crieff",PH7 3SA,10835,PH73SA
712,"Craigvinean Surgery, Little Dunkeld, Dunkeld",PH8 0AD,13049,PH80AD
713,"The Carse Medical Practice, Westleys, ERROL, Perth & Kinross",PH2 7TD,13142,PH27TD
714,"Invergowrie Medical Practice, 30 Errol Road, Invergowrie",DD2 5AD,13369,DD25AD
715,"St Serf's Practice, Loch Leven Health Centre, Muirs, Kinross",KY13 8FP,13481,KY138FP
716,"Orwell Practice, Loch Leven Health Centre, Muirs, Kinross",KY13 8FP,13496,KY138FP
717,"Kings Practice, Glover Street Medical Centre, 133 Glover Street, Perth",PH2 0JB,13848,PH20JB
718,"Green Practice, Whitefriars Surgery, Whitefriars Street, Perth",PH1 1PP,13891,PH11PP
719,"Victoria Practice, Glover Street Medical Centre, 133 Glover Street, Perth",PH2 0JB,13941,PH20JB
720,"Mauve Practice, Drumhar Health Centre, North Methven Street, Perth",PH1 5PD,13975,PH15PD
721,"The Taymount Surgery, 1 Taymount Terrace, Perth",PH1 1NU,14037,PH11NU
722,"Red Practice, Whitefriars Surgery, Whitefriars Street, Perth",PH1 1PP,14249,PH11PP
723,"Perth City Medical Centre, Caledonian Road, Perth",PH2 8HH,14291,PH28HH
724,"Yellow Practice, Drumhar Health Centre, North Methven Street, Perth",PH1 5PD,14342,PH15PD
725,"Atholl Medical Centre, Ferry Road, Pitlochry, Perthshire",PH16 5FG,14501,PH165FG
726,"Stanley Medical Centre, 43 Shielhill Place, Stanley, Perthshire",PH1 4NN,14569,PH14NN
727,"Bishopton Medical Practice, Greenock Road, Bishopton, Renfrewshire",PA7 5AW,87112,PA75AW
728,"Strathgryffe Medical Practice, Houston Surgery, Kirk Road, Houston, Renfrewshire",PA6 7AR,87146,PA67AR
729,"Bridgewater Medical Centre, 15 Kilpatrick Drive, Erskine",PA8 7AF,87235,PA87AF
730,"Ludovic Medical Practice, 60 Quarry Street, Johnstone",PA5 8EY,87292,PA58EY
731,"Quarryside Medical Practice, Linden Medical Centre, 25 Floors Street, Johnstone",PA5 8PZ,87305,PA58PZ
732,"Ravenswood Surgery, Thomson Avenue, Johnstone",PA5 8SU,87324,PA58SU
733,"Drs Howie & Smith, Riverview Med Centre, 6/8 George Street, Johnstone",PA5 8SL,87339,PA58SL
734,"Dr Cassidy & Partners, Linden Medical Centre, 25 Floors Street, Johnstone",PA5 8PZ,87343,PA58PZ
735,"Dr Richmond & Partners, Linwood Health Centre, 5 Bridge Street, Linwood",PA3 3DB,87409,PA33DB
736,"Mistylaw Medical Practice, 31 Main Road, Lochwinnoch",PA12 4AH,87432,PA124AH
737,"The Charleston Surgery, 5 South Campbell St, Paisley",PA2 6LR,87466,PA26LR
738,"Anchor Mill Medical Practice, 4 Saucel Crescent, Paisley",PA1 1UB,87471,PA11UB
739,"The Tannahill Centre, 76 Blackstoun Road, Paisley",PA3 1NT,87485,PA31NT
740,"King Street Surgery, The Surgery, 15 King Street, Paisley",PA1 2PS,87490,PA12PS
741,"The Consulting Rooms, 21 Neilston Rd, Paisley",PA2 6LW,87502,PA26LW
742,"Glenburn Medical Practice, Glenburn Health Centre, Fairway Avenue, Paisley",PA2 8DX,87517,PA28DX
743,"The Kelburn Practice, Northcroft Medical Centre, Northcroft Street, Paisley",PA3 4AD,87521,PA34AD
744,"The Greenlaw Practice, Northcroft Medical Centre, Paisley",PA3 4AD,87541,PA34AD
745,"The Mirin Practice, The Surgery, 3 Glasgow Road, Paisley",PA1 3QS,87555,PA13QS
746,"The Love Street Medical Centre, 40 Love Street, Paisley",PA3 2DY,87560,PA32DY
747,"St James Medical Centre, 19 St James Street, Paisley",PA3 2HQ,87574,PA32HQ
748,"The Barony Practice, Northcroft Medical Centre, Paisley",PA3 4AD,87606,PA34AD
749,"Abbey Medical Centre, Lonend, Paisley",PA1 1SU,87625,PA11SU
750,"Braehead Medical Practice, Renfrew Health Centre, 10 Ferry Road, Renfrew",PA4 8RU,87697,PA48RU
751,"Clydeview Medical Practice, Renfrew Health Centre, 10 Ferry Road, Renfrew",PA4 8RU,87700,PA48RU
752,"Kingsinch Medical Practice, Renfrew Health Centre, 10 Ferry Road, Renfrew",PA4 8RU,87714,PA48RU
753,"Westfield Medical Practice, Linden Medical Centre, 25 Floors Street, Johnstone",PA5 8PZ,87729,PA58PZ
754,"Bargarran Medical Practice, Erskine Clinic, Bargarran Centre, Erskine",PA8 6BS,87733,PA86BS
755,"Roxburgh Street Surgery, 10 Roxburgh Street, Galashiels",TD1 1PF,16013,TD11PF
756,"Jedburgh Medical Practice, The Health Centre, Queen Street, Jedburgh",TD8 6EN,16032,TD86EN
757,"Newcastleton Medical Practice, Moss Road, Newcastleton",TD9 0RU,16047,TD90RU
758,"Eildon Surgery, Auction Market, Newtown St Boswells",TD6 0PP,16051,TD60PP
759,"Merse Medical Practice, South Crofts, Chirnside",TD11 3XP,16066,TD113XP
760,"Selkirk Medical Practice, The Health Centre, Viewfield Lane, Selkirk",TD7 4LJ,16085,TD74LJ
761,"St Ronan's Practice, St Ronan's Health Centre, Innerleithen",EH44 6QE,16121,EH446QE
762,"Kelso Medical Group, Kelso Health Centre, Inch Road, Kelso",TD5 7LF,16136,TD57LF
763,"O'Connell Street Medical Practice, O'Connell Street Medical Centre, O'Connell Street, Hawick",TD9 9HU,16141,TD99HU
764,"The Neidpath Practice, Hay Lodge Health Centre, Neidpath Road, Peebles",EH45 8JG,16160,EH458JG
765,"West Linton Medical Practice, The Health Centre, Deanfoot Road, West Linton",EH46 7EX,16174,EH467EX
766,"The Ellwyn Practice, The Health Centre, Currie Road, Galashiels",TD1 2UA,16193,TD12UA
767,"Coldstream Medical Practice, The Health Centre, Kelso Road, Coldstream",TD12 4LQ,16206,TD124LQ
768,"The Tweed Practice, Hay Lodge Health Centre, Neidpath Road, Peebles",EH45 8JG,16211,EH458JG
769,"Braeside Medical Practice, The Health Centre, Currie Road, Galashiels",TD1 2UA,16230,TD12UA
770,"Glenfield Medical Practice, The Health Centre, Currie Road, Galashiels",TD1 2UA,16244,TD12UA
771,"Waverley Medical Practice, The Health Centre, Currie Road, Galashiels",TD1 2UA,16259,TD12UA
772,"Greenlaw Surgery, Duns Road, Greenlaw, Berwickshire",TD10 6XJ,16475,TD106XJ
773,"Eyemouth Medical Practice, The Health Centre, Houndlaw Park, Eyemouth",TD14 5DD,16507,TD145DD
774,"Teviot Medical Practice, Teviot Road, Hawick",TD9 9DT,16545,TD99DT
775,"Stow & Lauder Health, Stow Health Centre, Station Road, Stow",TD1 2SQ,16550,TD12SQ
776,"Earlston Medical Practice, Earlston Health Centre, Kidgate, Earlston",TD4 6DW,16564,TD46DW
777,"Duns Medical Group, The Knoll, Station Road, Duns",TD11 3EL,16583,TD113EL
778,"Yell Health Centre, Reafirth, Mid Yell, Shetland",ZE2 9BX,39015,ZE29BX
779,"Whalsay Health Centre, Symbister, Whalsay, Shetland",ZE2 9AE,39020,ZE29AE
780,"Hillswick Health Centre, West Ayre, Hillswick, Shetland",ZE2 9RW,39034,ZE29RW
781,"Brae Medical Practice, Brae, Shetland",ZE2 9QJ,39049,ZE29QJ
782,"Walls Health Centre, Walls, Shetland",ZE2 9PS,39053,ZE29PS
783,"Bixter Health Centre, Bixter, Shetland, intentionally blank",ZE2 9NA,39068,ZE29NA
784,"Levenwick Medical Practice, Gord, Levenwick, Shetland",ZE2 9HX,39072,ZE29HX
785,"Scalloway Health Centre LLP, Scalloway, Shetland",ZE1 0TN,39087,ZE10TN
786,"Lerwick Health Centre, South Road, Lerwick, Shetland",ZE1 0RB,39091,ZE10RB
787,"Tam's Brig Surgery, 107 New Road, Ayr, Ayrshire",KA8 8DD,80058,KA88DD
788,"The Surgery, 9 Alloway Place, Ayr, Ayrshire",KA7 2AQ,80062,KA72AQ
789,"Dalblair Medical Practice, 56 Dalblair Road, Ayr, Ayrshire",KA7 1UQ,80077,KA71UQ
790,"Barns Medical Practice, 40 Dalblair Road, Ayr, Ayrshire",KA7 1UL,80081,KA71UL
791,"Racecourse Road Medical Group, 3 Racecourse Road, Ayr, Ayrshire",KA7 2DF,80096,KA72DF
792,"The Cathcart Street Medical Practice, 8 Cathcart Street, AYR, AYRSHIRE",KA7 1BJ,80109,KA71BJ
793,"The Fullarton Medical Practice, 40 Dalblair Road, AYR, AYRSHIRE",KA7 1UL,80113,KA71UL
794,"Ballantrae Medical Practice, 30 Main Street, Ballantrae, Ayrshire",KA26 0NB,80132,KA260NB
795,"Dailly Medical Practice, The Surgery, Back Road, Dailly, AYRSHIRE",KA26 9SH,80185,KA269SH
796,"Dundonald Medical Practice, 9 Main Street, Dundonald, Ayrshire",KA2 9HF,80255,KA29HF
797,"Drs McMaster, Moore & Brooksbank, Girvan Community Hospital, Bridgemill, Girvan",KA26 9HQ,80274,KA269HQ
798,"Dr McCulloch & Partners, Girvan Community Hospital, Bridgemill, Girvan",KA26 9HQ,80289,KA269HQ
799,"Carrick Medical Practice, The Surgery, The Health Centre, 6 High Street, Maybole",KA19 7BY,80467,KA197BY
800,"Drs Sheward & Partners, The Surgery, The Health Centre, 6 High Street, Maybole",KA19 7BY,80491,KA197BY
801,"Station Road Medical Practice, 2 Station Road, Prestwick, Ayrshire",KA9 1AQ,80537,KA91AQ
802,"Kirkhall Surgery, 4 Alexandra Avenue, Prestwick, Ayrshire",KA9 1AW,80541,KA91AW
803,"Templehill Surgery, 23 Templehill, Troon, Ayrshire",KA10 6BQ,80607,KA106BQ
804,"Drs McHattie, McGregor & Holland, Portland Surgery, 1 Dukes Road, Troon",KA10 6QR,80611,KA106QR
805,"Bankfield Medical Practice, 148 Dalmellington Road, Ayr, Ayrshire",KA7 3PR,80842,KA73PR
806,"The Stonelaw Practice, Rutherglen Health Centre, 130 Stonelaw Road, RUTHERGLEN",G73 2PQ,60092,G732PQ
807,"Wardlaw Medical Practice, Rutherglen Primary Care Centre, 130 Stonelaw Road, RUTHERGLEN",G73 2PQ,60105,G732PQ
808,"Drs Tierney & Canning, Rutherglen Primary Care Centre, 130 Stonelaw Road, Rutherglen, Glasgow",G73 2PQ,60110,G732PQ
809,"Silverbank Surgery, Ardoch Medical Centre, 6 Ardoch Grove, CAMBUSLANG",G72 8HA,60124,G728HA
810,"Overtoun Medical Practice, Rutherglen Health Centre, 130 Stonelaw Road, RUTHERGLEN",G73 2PQ,60139,G732PQ
811,"North Avenue Surgery, 18 North Avenue, CAMBUSLANG",G72 8AT,60143,G728AT
812,"Dr R Afuakwah, 81 Mill Street, RUTHERGLEN",G73 2LD,60158,G732LD
813,"Dr Oliver Frenschock, 27 Main Street, CAMBUSLANG",G72 7EX,60162,G727EX
814,"The Craigallian Avenue Practice, 11 Craigallian Avenue, CAMBUSLANG",G72 8RW,60177,G728RW
815,"Dr Friel & Dr Bagnall, Rutherglen Health Centre, 130 Stonelaw Road, RUTHERGLEN",G73 2PQ,60181,G732PQ
816,"Parkview Practice, Rutherglen Health Centre, 130 Stonelaw Road, Rutherglen, GLASGOW",G73 2PQ,60196,G732PQ
817,"Ardoch Medical Practice, Ardoch Medical Centre, Cambuslang, GLASGOW",G72 8HA,60209,G728HA
818,"Strathcalder Practice, Alison Lea Medical Centre, Alison Lea, EAST KILBRIDE",G74 3BE,61644,G743BE
819,"High Mill Medical Practice, Carluke Community Health Centre, 40 Chapel Street, Carluke",ML8 4BA,62219,ML84BA
820,"St Luke's Medical Practice, Carluke Community Health Centre, 40 Chapel Street, Carluke",ML8 4BA,62223,ML84BA
821,"Biggar Health Centre, South Croft Road, Biggar, Lanarkshire",ML12 6BE,62312,ML126BE
822,"Kingshill Medical Practice, 40 Manse Road, Forth, Lanarkshire",ML11 8AJ,62346,ML118AJ
823,"Douglasdale Medical Practice, 69 Ayr Road, Douglas, Lanarkshire",ML11 0PX,62510,ML110PX
824,"Blackwood Medical Practice, 125 Carlisle Road, Blackwood, Lanarkshire",ML11 9SB,62628,ML119SB
825,"Glebe Medical Centre, Abbeygreen, Lesmahagow",ML11 0DB,62632,ML110DB
826,"Calderside Medical Practice, Blantyre Health Centre, 64 Victoria Street, Blantyre",G72 0BS,63033,G720BS
827,"Dr MV Church & Partners, Blantyre Health Centre, Victoria Street, Blantyre",G72 0BS,63052,G720BS
828,"Bothwell Medical Centre, 3 Uddingston Road, Bothwell, Lanarkshire",G71 8ET,63118,G718ET
829,"Mavor Medical Practice, Hunter Health Centre, Andrew Street, East Kilbride",G74 1AD,63231,G741AD
830,"Kirkview Medical Practice, Hunter Community Health Centre, Andrew Street, East Kilbride",G74 1AD,63245,G741AD
831,"Kittoch Medical Practice, Hunter Health Centre, Andrew Street, East Kilbride",G74 1AD,63250,G741AD
832,"Huntergreen Medical Practice, Hunter Health Centre, Andrew Street, East Kilbride",G74 1AD,63264,G741AD
833,"Kilbryde Medical Practice, Hunter Health Community Centre, Andrew Street, East Kilbride",G74 1AD,63283,G741AD
834,"Calderglen Medical Practice, Hunter Health Centre, Andrew Street, East Kilbride",G74 1AD,63298,G741AD
835,"The Murray Surgery, 50 The Murray Road, East Kilbride",G75 0RT,63301,G750RT
836,"Auchinraith Medical Practice, Blantyre Health Centre, 64 Victoria Street, Blantyre",G72 0BS,63334,G720BS
837,"Burnbank Medical Centre, 18 Burnbank Centre, Hamilton, Lanarkshire",ML3 0NQ,63419,ML30NQ
838,"Dr M M Herbert & Partners, Portland Park Medical Centre, 51 Portland Park, Hamilton",ML3 7JY,63423,ML37JY
839,"Wellhal Medical Centre, 4 Hillhouse Road, HAMILTON",ML3 9TZ,63438,ML39TZ
840,"Oak Lodge, 32 Miller Street, Hamilton, Lanarkshire",ML3 7EN,63442,ML37EN
841,"Douglas Street Surgery, 1 Douglas Street, Hamilton, Lanarkshire",ML3 0DR,63457,ML30DR
842,"Hamilton West Medical Practice, 53 Burnbank Road, Hamilton, Lanarkshire",ML3 9AQ,63461,ML39AQ
843,"Drs Clokey & McShane, Cadzow Health Centre, 187 Low Waters Road, Hamilton",ML3 7QQ,63476,ML37QQ
844,"Dr JM Simpson & Partners, Low Waters Medical Centre, 11 Mill Road, Hamilton",ML3 8AA,63481,ML38AA
845,"Calderlea Surgery, Alison Lea Medical Centre, Alison Lea, East Kilbride",G74 3BE,63508,G743BE
846,"Gallowhill Medical Centre, 4-6 Gallowhill, Larkhall, Lanarkshire",ML9 1EX,63512,ML91EX
847,"The Surgery, 75 Union Street, Larkhall, Lanarkshire",ML9 1DZ,63527,ML91DZ
848,"The Avon Medical Centre, 1 Academy Street, Larkhall, Lanarkshire",ML9 2BJ,63616,ML92BJ
849,"Lanarkshire Medical Group, Strathaven Health Centre, The Ward, Strathaven",ML10 6AS,63724,ML106AS
850,"Avondale Medical Practice, Strathaven Medical Centre, The Ward, Strathaven",ML10 6AS,63739,ML106AS
851,"Lincluden Medical Centre, 82 Bellshill Road, Uddingston",G71 7NE,63813,G717NE
852,"Medwyn Medical Practice, The Health Centre, 7 Biggar Road, Carnwath",ML11 8HJ,63917,ML118HJ
853,"LMG - Lanark, Woodstock Road, Lanark",ML11 7DH,63921,ML117DH
854,"Challenging Patients Service, c/o Blantyre Health Centre, Victoria Street, Blantyre",G72 0BS,65931,G720BS
855,"Balfron Health Centre, 41-47 Buchanan Street, Balfron",G63 0TS,25051,G630TS
856,"Edenkiln Surgery, 12 Dumbrock Road, Strathblane",G63 9EG,25065,G639EG
857,"Bridge Of Allan Health Centre, Fountain Road, Bridge Of Allan",FK9 4EU,25101,FK94EU
858,"Callander Medical Practice, Geisher Road, Callander",FK17 8LX,25121,FK178LX
859,"Fallin Health Centre, Stirling Road, Fallin, Stirlingshire",FK7 7JD,25169,FK77JD
860,"Doune Health Centre, Springbank Road, Doune",FK16 6DU,25224,FK166DU
861,"Dunblane Medical Practice, Health Centre, Well Place, Dunblane",FK15 9AL,25243,FK159AL
862,"Killearn Health Centre, Killearn",G63 9NA,25347,G639NA
863,"Killin Medical Practice, Laggan Leigheas, Killin",FK21 8TQ,25351,FK218TQ
864,"Kippen Surgery, Castlehill Loan, Kippen",FK8 3DZ,25366,FK83DZ
865,"Park Terrace Medical Practice, The GP and Minor Injury Service, Livilands, Stirling",FK8 2AU,25506,FK82AU
866,"Orchard House Health Centre, Orchard House Health Centre, Union Street, Stirling",FK8 1PH,25525,FK81PH
867,"Airthrey Park Medical Centre, Hermitage Road, University Of Stirling, Stirling",FK9 4NJ,25559,FK94NJ
868,"Allan Park Medical Practice, 19 Allan Park, Stirling",FK8 2QD,25686,FK82QD
869,"The Wallace Medical Practice, Wallace House, Maxwell Place, Stirling",FK8 1JU,25691,FK81JU
870,"Drymen Health Centre, 2 Old Gartmore Road, Drymen",G63 0DP,25898,G630DP
871,"Aberfoyle & Buchlyvie Medical Centres, Station Road, Buchlyvie, Stirlingshire",FK8 3NB,25968,FK83NB
872,"Tor Medical Group, Carbrook Drive, Plean",FK7 8DW,25991,FK78DW
873,"Forth Medical Group, Firs Entry, Bannockburn, Stirling",FK7 0HW,26015,FK70HW
874,"Red Wing Medical Practice, Clydebank Health Centre, Kilbowie Road, Clydebank",G81 2TQ,40046,G812TQ
875,"Old Kilpatrick Medical Practice, Erskine View, Old Kilpatrick, Glasgow",G60 5JG,40065,G605JG
876,"The Green Medical Practice, Clydebank Health Centre, Kilbowie Road, Clydebank",G81 2TQ,40224,G812TQ
877,"Bluewing Medical Practice, Clydebank Health Centre, Kilbowie Road, Clydebank",G81 2TQ,40262,G812TQ
878,"The Orange Wing Medical Practice, Clydebank Health Centre, Kilbowie Road, Clydebank",G81 2TQ,40582,G812TQ
879,"Dr Chalmers & Partners, Clydebank Health Centre, Kilbowie Road, Clydebank",G81 2TQ,40691,G812TQ
880,"Dr Rai & Partners, Clydebank Health Centre, Kilbowie Road, Clydebank",G81 2TQ,40703,G812TQ
881,"Alcluith Practice, The Health Centre, Station Road, Dumbarton",G82 1PW,85032,G821PW
882,"The Riverbank Practice, The Health Centre, Station Road, Dumbarton",G82 1PW,85047,G821PW
883,"Levenside Medical Practice, The Health Centre, Station Road, Dumbarton",G82 1PW,85066,G821PW
884,"Dr K N Lynn & Dr J M Mcdevitt, The Health Centre, Station Road, Dumbarton",G82 1PW,85071,G821PW
885,"Dr Stephen H Dunn & Partners, The Health Centre, Station Road, Dumbarton",G82 1PW,85090,G821PW
886,"The Lennox Practice, The Vale Centre for Health & Care, Main Street, ALEXANDRIA",G83 0UA,85225,G830UA
887,"Loch Lomond Surgery, 75 Bank Street, Alexandria",G83 0NB,85230,G830NB
888,"Drs Mclachlan & Partners, The Vale Centre for Health & Care, Main Street, ALEXANDRIA",G83 0UE,85259,G830UE
889,"Oak View Medical Practice, The Vale Centre for Health & Care, Main Street, Alexandria",G83 0UA,85403,G830UA
890,"Carmondean Medical Group, Carmondean Centre, Livingston, West Lothian",EH54 8PY,78010,EH548PY
891,"East Calder Medical Practice, East Calder Health Centre, 147 Main Street, East Calder",EH53 0EW,78024,EH530EW
892,"Ferguson Medical Practice, The Strathbrock Partnership Centre, 189a West Main Street, Broxburn",EH52 5LH,78062,EH525LH
893,"Newland Medical Practice, Bathgate Primary Care Centre, Whitburn Road, Bathgate",EH48 2SS,78077,EH482SS
894,"Lanrigg Medical Practice, Fauldhouse Partnership Centre, Lanrigg Road, Fauldhouse",EH47 9JD,78109,EH479JD
895,"Linden Medical Practice, Strathbrock Partnership Centre, 189a West Main Street, Broxburn",EH52 5LH,78113,EH525LH
896,"Kingsgate Medical Practice, Bathgate Primary Care Centre, Whitburn Road, Bathgate",EH48 2SS,78128,EH482SS
897,"Simpson Medical Group, Bathgate Primary Care Centre, Whitburn Road, Bathgate",EH48 2SS,78132,EH482SS
898,"West Calder Medical Practice, West Calder Medical Centre, 65 West End, West Calder",EH55 8EJ,78147,EH558EJ
899,"Linlithgow Group Medical Practice, Linlithgow Health Centre, 288 High Street, Linlithgow",EH49 7ER,78166,EH497ER
900,"Blackridge Health Centre, Fleming Place, Blackridge",EH48 3SS,78185,EH483SS
901,"Whitburn Group Medical Practice, Whitburn Health Centre, 1 Weavers Lane, Whitburn",EH47 0SD,78190,EH470SD
902,"Armadale Group Practice, 18 North Street, Armadale, West Lothian",EH48 3QB,78241,EH483QB
903,"Howden Health Centre, Howden Road West, Livingston, West Lothian",EH54 6TP,78255,EH546TP
904,"Dedridge Medical Group, Dedridge Health Centre, Nigel Rise, Dedridge, Livingston",EH54 6QQ,78260,EH546QQ
905,"The Wood Medical Practice, The Strathbrock Partnership Centre, 189a West Main Street, Broxburn",EH52 5LH,78306,EH525LH
906,"The Craigshill Partnership, Craigshill Health Centre, Craigshill Road, Livingston",EH54 5DY,78311,EH545DY
907,"Ashgrove Group Practice, Blackburn Partnership Centre, Ashgrove, Blackburn",EH47 7LL,78330,EH477LL
908,"Murieston Medical Practice, Hamilton Square, Murieston South, Livingston",EH54 9JZ,78344,EH549JZ
909,"Barclay Medical Practice, Carmondean Health Centre, Livingston, West Lothian",EH54 8PY,78397,EH548PY
910,"Fauldhouse Partnership Centre, Fauldhouse Partnership Centre, Lanrigg Road, Fauldhouse",EH47 9JD,78414,EH479JD
